{"nm":"Order History","ddd":0,"h":300,"w":300,"meta":{"g":"LottieFiles AE "},"layers":[{"ty":0,"nm":"Order History","sr":1,"st":0,"op":49,"ip":0,"hd":false,"ddd":0,"bm":0,"hasMask":false,"ao":0,"ks":{"a":{"a":0,"k":[150,150,0],"ix":1},"s":{"a":0,"k":[82,82,100],"ix":6},"sk":{"a":0,"k":0},"p":{"a":0,"k":[150,150,0],"ix":2},"r":{"a":0,"k":0,"ix":10},"sa":{"a":0,"k":0},"o":{"a":0,"k":100,"ix":11}},"ef":[],"w":300,"h":300,"refId":"comp_0","ind":1}],"v":"4.8.0","fr":24,"op":49,"ip":0,"assets":[{"nm":"","id":"comp_0","layers":[{"ty":4,"nm":"Floor Line Outlines","sr":1,"st":0,"op":49,"ip":0,"hd":false,"ddd":0,"bm":0,"hasMask":false,"ao":0,"ks":{"a":{"a":0,"k":[123.529,1.672,0],"ix":1},"s":{"a":0,"k":[100,100,100],"ix":6},"sk":{"a":0,"k":0},"p":{"a":0,"k":[152.312,262.613,0],"ix":2},"r":{"a":0,"k":0,"ix":10},"sa":{"a":0,"k":0},"o":{"a":0,"k":100,"ix":11}},"ef":[],"shapes":[{"ty":"gr","bm":0,"hd":false,"mn":"ADBE Vector Group","nm":"Group 1","ix":1,"cix":2,"np":2,"it":[{"ty":"sh","bm":0,"hd":false,"mn":"ADBE Vector Shape - Group","nm":"Path 1","ix":1,"d":1,"ks":{"a":0,"k":{"c":true,"i":[[0.785,0],[0,0],[0,0.785],[-0.785,0],[0,0],[0,-0.785]],"o":[[0,0],[-0.785,0],[0,-0.785],[0,0],[0.785,0],[0,0.785]],"v":[[121.857,1.422],[-121.857,1.422],[-123.279,0],[-121.857,-1.422],[121.857,-1.422],[123.279,0]]},"ix":2}},{"ty":"fl","bm":0,"hd":false,"mn":"ADBE Vector Graphic - Fill","nm":"Fill 1","c":{"a":0,"k":[0.0275,0,0],"ix":4},"r":1,"o":{"a":0,"k":100,"ix":5}},{"ty":"tr","a":{"a":0,"k":[0,0],"ix":1},"s":{"a":0,"k":[100,100],"ix":3},"sk":{"a":0,"k":0,"ix":4},"p":{"a":0,"k":[123.53,1.672],"ix":2},"r":{"a":0,"k":0,"ix":6},"sa":{"a":0,"k":0,"ix":5},"o":{"a":0,"k":100,"ix":7}}]}],"ind":1},{"ty":0,"nm":"Clock","sr":1,"st":0,"op":49,"ip":0,"hd":false,"ddd":0,"bm":0,"hasMask":false,"ao":0,"ks":{"a":{"a":0,"k":[46,52,0],"ix":1},"s":{"a":0,"k":[100,100,100],"ix":6},"sk":{"a":0,"k":0},"p":{"a":1,"k":[{"o":{"x":0.333,"y":0},"i":{"x":0.667,"y":1},"s":[226.596,209.637,0],"t":18,"ti":[0,0,0],"to":[0,-2.917,0]},{"o":{"x":0.333,"y":0},"i":{"x":0.667,"y":1},"s":[226.596,192.137,0],"t":28,"ti":[0,-5.305,0],"to":[0,0,0]},{"o":{"x":0.333,"y":0},"i":{"x":0.667,"y":1},"s":[226.596,192.137,0],"t":40,"ti":[0,-0.665,0],"to":[0,1.566,0]},{"s":[226.596,209.637,0],"t":43}],"ix":2},"r":{"a":1,"k":[{"o":{"x":0.333,"y":0},"i":{"x":0.667,"y":1},"s":[0],"t":18},{"o":{"x":0.333,"y":0},"i":{"x":0.667,"y":1},"s":[7],"t":28},{"o":{"x":0.333,"y":0},"i":{"x":0.667,"y":1},"s":[0],"t":30},{"o":{"x":0.333,"y":0},"i":{"x":0.667,"y":1},"s":[-7],"t":32},{"o":{"x":0.333,"y":0},"i":{"x":0.667,"y":1},"s":[0],"t":34},{"o":{"x":0.333,"y":0},"i":{"x":0.667,"y":1},"s":[-7],"t":36},{"s":[0],"t":38}],"ix":10},"sa":{"a":0,"k":0},"o":{"a":0,"k":100,"ix":11}},"ef":[],"w":92,"h":104,"refId":"comp_1","ind":2},{"ty":4,"nm":"Shape Layer 5","sr":1,"st":0,"op":49,"ip":0,"hd":false,"ddd":0,"bm":0,"hasMask":false,"ao":0,"ks":{"a":{"a":0,"k":[-81.172,-116.688,0],"ix":1},"s":{"a":0,"k":[100,100,100],"ix":6},"sk":{"a":0,"k":0},"p":{"a":0,"k":[67.547,32.219,0],"ix":2},"r":{"a":0,"k":-180,"ix":10},"sa":{"a":0,"k":0},"o":{"a":0,"k":100,"ix":11}},"ef":[],"shapes":[{"ty":"gr","bm":0,"hd":false,"mn":"ADBE Vector Group","nm":"Shape 1","ix":1,"cix":2,"np":3,"it":[{"ty":"sh","bm":0,"hd":false,"mn":"ADBE Vector Shape - Group","nm":"Path 1","ix":1,"d":1,"ks":{"a":0,"k":{"c":false,"i":[[0,0],[0,0]],"o":[[0,0],[0,0]],"v":[[-81.125,-111.75],[-81.125,-121.75]]},"ix":2}},{"ty":"st","bm":0,"hd":false,"mn":"ADBE Vector Graphic - Stroke","nm":"Stroke 1","lc":2,"lj":2,"ml":1,"o":{"a":0,"k":100,"ix":4},"w":{"a":0,"k":3,"ix":5},"c":{"a":0,"k":[0.0275,0,0],"ix":3}},{"ty":"tr","a":{"a":0,"k":[0,0],"ix":1},"s":{"a":0,"k":[100,100],"ix":3},"sk":{"a":0,"k":0,"ix":4},"p":{"a":0,"k":[0,0],"ix":2},"r":{"a":0,"k":0,"ix":6},"sa":{"a":0,"k":0,"ix":5},"o":{"a":0,"k":100,"ix":7}}]},{"ty":"tm","bm":0,"hd":false,"mn":"ADBE Vector Filter - Trim","nm":"Trim Paths 1","ix":2,"e":{"a":1,"k":[{"o":{"x":0.745,"y":0},"i":{"x":0.503,"y":1},"s":[100],"t":23},{"s":[0],"t":35}],"ix":2},"o":{"a":0,"k":0,"ix":3},"s":{"a":1,"k":[{"o":{"x":1,"y":0},"i":{"x":0.396,"y":1},"s":[100],"t":23},{"s":[0],"t":30}],"ix":1},"m":1}],"ind":3},{"ty":4,"nm":"Shape Layer 4","sr":1,"st":0,"op":49,"ip":0,"hd":false,"ddd":0,"bm":0,"hasMask":false,"ao":0,"ks":{"a":{"a":0,"k":[-81.172,-116.688,0],"ix":1},"s":{"a":0,"k":[100,100,100],"ix":6},"sk":{"a":0,"k":0},"p":{"a":0,"k":[56.047,35.969,0],"ix":2},"r":{"a":0,"k":132,"ix":10},"sa":{"a":0,"k":0},"o":{"a":0,"k":100,"ix":11}},"ef":[],"shapes":[{"ty":"gr","bm":0,"hd":false,"mn":"ADBE Vector Group","nm":"Shape 1","ix":1,"cix":2,"np":3,"it":[{"ty":"sh","bm":0,"hd":false,"mn":"ADBE Vector Shape - Group","nm":"Path 1","ix":1,"d":1,"ks":{"a":0,"k":{"c":false,"i":[[0,0],[0,0]],"o":[[0,0],[0,0]],"v":[[-81.125,-111.75],[-81.125,-121.75]]},"ix":2}},{"ty":"st","bm":0,"hd":false,"mn":"ADBE Vector Graphic - Stroke","nm":"Stroke 1","lc":2,"lj":2,"ml":1,"o":{"a":0,"k":100,"ix":4},"w":{"a":0,"k":3,"ix":5},"c":{"a":0,"k":[0.749,0.749,0.749],"ix":3}},{"ty":"tr","a":{"a":0,"k":[0,0],"ix":1},"s":{"a":0,"k":[100,100],"ix":3},"sk":{"a":0,"k":0,"ix":4},"p":{"a":0,"k":[0,0],"ix":2},"r":{"a":0,"k":0,"ix":6},"sa":{"a":0,"k":0,"ix":5},"o":{"a":0,"k":100,"ix":7}}]},{"ty":"tm","bm":0,"hd":false,"mn":"ADBE Vector Filter - Trim","nm":"Trim Paths 1","ix":2,"e":{"a":1,"k":[{"o":{"x":0.745,"y":0},"i":{"x":0.503,"y":1},"s":[100],"t":23},{"s":[0],"t":35}],"ix":2},"o":{"a":0,"k":0,"ix":3},"s":{"a":1,"k":[{"o":{"x":1,"y":0},"i":{"x":0.396,"y":1},"s":[100],"t":23},{"s":[0],"t":30}],"ix":1},"m":1}],"ind":4},{"ty":4,"nm":"Shape Layer 3","sr":1,"st":0,"op":49,"ip":0,"hd":false,"ddd":0,"bm":0,"hasMask":false,"ao":0,"ks":{"a":{"a":0,"k":[-81.172,-116.688,0],"ix":1},"s":{"a":0,"k":[100,100,100],"ix":6},"sk":{"a":0,"k":0},"p":{"a":0,"k":[53.734,47.531,0],"ix":2},"r":{"a":0,"k":90,"ix":10},"sa":{"a":0,"k":0},"o":{"a":0,"k":100,"ix":11}},"ef":[],"shapes":[{"ty":"gr","bm":0,"hd":false,"mn":"ADBE Vector Group","nm":"Shape 1","ix":1,"cix":2,"np":3,"it":[{"ty":"sh","bm":0,"hd":false,"mn":"ADBE Vector Shape - Group","nm":"Path 1","ix":1,"d":1,"ks":{"a":0,"k":{"c":false,"i":[[0,0],[0,0]],"o":[[0,0],[0,0]],"v":[[-81.125,-111.75],[-81.125,-121.75]]},"ix":2}},{"ty":"st","bm":0,"hd":false,"mn":"ADBE Vector Graphic - Stroke","nm":"Stroke 1","lc":2,"lj":2,"ml":1,"o":{"a":0,"k":100,"ix":4},"w":{"a":0,"k":3,"ix":5},"c":{"a":0,"k":[0.0275,0,0],"ix":3}},{"ty":"tr","a":{"a":0,"k":[0,0],"ix":1},"s":{"a":0,"k":[100,100],"ix":3},"sk":{"a":0,"k":0,"ix":4},"p":{"a":0,"k":[0,0],"ix":2},"r":{"a":0,"k":0,"ix":6},"sa":{"a":0,"k":0,"ix":5},"o":{"a":0,"k":100,"ix":7}}]},{"ty":"tm","bm":0,"hd":false,"mn":"ADBE Vector Filter - Trim","nm":"Trim Paths 1","ix":2,"e":{"a":1,"k":[{"o":{"x":0.745,"y":0},"i":{"x":0.503,"y":1},"s":[100],"t":23},{"s":[0],"t":35}],"ix":2},"o":{"a":0,"k":0,"ix":3},"s":{"a":1,"k":[{"o":{"x":1,"y":0},"i":{"x":0.396,"y":1},"s":[100],"t":23},{"s":[0],"t":30}],"ix":1},"m":1}],"ind":5},{"ty":4,"nm":"ben Outlines","sr":1,"st":0,"op":49,"ip":0,"hd":false,"ddd":0,"bm":0,"hasMask":false,"ao":0,"ks":{"a":{"a":0,"k":[43.981,3.384,0],"ix":1},"s":{"a":0,"k":[100,100,100],"ix":6},"sk":{"a":0,"k":0},"p":{"a":1,"k":[{"o":{"x":0.333,"y":0},"i":{"x":0.667,"y":1},"s":[91.363,258.057,0],"t":16,"ti":[0,1.5,0],"to":[0,-1.5,0]},{"o":{"x":0.333,"y":0.333},"i":{"x":0.667,"y":0.667},"s":[91.363,249.057,0],"t":24,"ti":[0,0,0],"to":[0,0,0]},{"o":{"x":0.333,"y":0},"i":{"x":0.667,"y":1},"s":[91.363,249.057,0],"t":31,"ti":[0,-1.5,0],"to":[0,1.5,0]},{"s":[91.363,258.058,0],"t":34}],"ix":2},"r":{"a":1,"k":[{"o":{"x":0.333,"y":0},"i":{"x":0.667,"y":1},"s":[0],"t":16},{"o":{"x":0.333,"y":0},"i":{"x":0.667,"y":1},"s":[10],"t":26},{"o":{"x":0.333,"y":0},"i":{"x":0.667,"y":1},"s":[0],"t":27},{"o":{"x":0.333,"y":0},"i":{"x":0.667,"y":1},"s":[-10],"t":28},{"o":{"x":0.333,"y":0},"i":{"x":0.667,"y":1},"s":[0],"t":29},{"o":{"x":0.333,"y":0},"i":{"x":0.667,"y":1},"s":[10],"t":30},{"s":[0],"t":31}],"ix":10},"sa":{"a":0,"k":0},"o":{"a":0,"k":100,"ix":11}},"ef":[],"shapes":[{"ty":"gr","bm":0,"hd":false,"mn":"ADBE Vector Group","nm":"Group 1","ix":1,"cix":2,"np":2,"it":[{"ty":"sh","bm":0,"hd":false,"mn":"ADBE Vector Shape - Group","nm":"Path 1","ix":1,"d":1,"ks":{"a":0,"k":{"c":true,"i":[[0,0],[0,0],[0,0]],"o":[[0,0],[0,0],[0,0]],"v":[[1.948,-1.299],[1.948,1.299],[-1.948,-0.001]]},"ix":2}},{"ty":"fl","bm":0,"hd":false,"mn":"ADBE Vector Graphic - Fill","nm":"Fill 1","c":{"a":0,"k":[0.0275,0,0],"ix":4},"r":1,"o":{"a":0,"k":100,"ix":5}},{"ty":"tr","a":{"a":0,"k":[0,0],"ix":1},"s":{"a":0,"k":[100,100],"ix":3},"sk":{"a":0,"k":0,"ix":4},"p":{"a":0,"k":[2.198,3.384],"ix":2},"r":{"a":0,"k":0,"ix":6},"sa":{"a":0,"k":0,"ix":5},"o":{"a":0,"k":100,"ix":7}}]},{"ty":"gr","bm":0,"hd":false,"mn":"ADBE Vector Group","nm":"Group 2","ix":2,"cix":2,"np":2,"it":[{"ty":"sh","bm":0,"hd":false,"mn":"ADBE Vector Shape - Group","nm":"Path 1","ix":1,"d":1,"ks":{"a":0,"k":{"c":true,"i":[[0,0],[0,0],[0,0],[0,0],[0,0]],"o":[[0,0],[0,0],[0,0],[0,0],[0,0]],"v":[[4.7,-3.134],[4.7,3.134],[-0.803,1.299],[-4.7,0],[-0.803,-1.3]]},"ix":2}},{"ty":"fl","bm":0,"hd":false,"mn":"ADBE Vector Graphic - Fill","nm":"Fill 1","c":{"a":0,"k":[0.3569,0.3569,0.3569],"ix":4},"r":1,"o":{"a":0,"k":100,"ix":5}},{"ty":"tr","a":{"a":0,"k":[0,0],"ix":1},"s":{"a":0,"k":[100,100],"ix":3},"sk":{"a":0,"k":0,"ix":4},"p":{"a":0,"k":[4.95,3.384],"ix":2},"r":{"a":0,"k":0,"ix":6},"sa":{"a":0,"k":0,"ix":5},"o":{"a":0,"k":100,"ix":7}}]},{"ty":"gr","bm":0,"hd":false,"mn":"ADBE Vector Group","nm":"Group 3","ix":3,"cix":2,"np":2,"it":[{"ty":"sh","bm":0,"hd":false,"mn":"ADBE Vector Shape - Group","nm":"Path 1","ix":1,"d":1,"ks":{"a":0,"k":{"c":true,"i":[[0.516,0],[0,0],[0,0],[0,0],[0,-0.516],[0,0]],"o":[[0,0],[0,0],[0,0],[0.516,0],[0,0],[0,0.516]],"v":[[1.645,3.132],[-2.58,3.132],[-2.58,-3.132],[1.645,-3.132],[2.58,-2.197],[2.58,2.197]]},"ix":2}},{"ty":"fl","bm":0,"hd":false,"mn":"ADBE Vector Graphic - Fill","nm":"Fill 1","c":{"a":0,"k":[0.0275,0,0],"ix":4},"r":1,"o":{"a":0,"k":100,"ix":5}},{"ty":"tr","a":{"a":0,"k":[0,0],"ix":1},"s":{"a":0,"k":[100,100],"ix":3},"sk":{"a":0,"k":0,"ix":4},"p":{"a":0,"k":[85.132,3.384],"ix":2},"r":{"a":0,"k":0,"ix":6},"sa":{"a":0,"k":0,"ix":5},"o":{"a":0,"k":100,"ix":7}}]},{"ty":"gr","bm":0,"hd":false,"mn":"ADBE Vector Group","nm":"Group 4","ix":4,"cix":2,"np":2,"it":[{"ty":"sh","bm":0,"hd":false,"mn":"ADBE Vector Shape - Group","nm":"Path 1","ix":1,"d":1,"ks":{"a":0,"k":{"c":true,"i":[[0,0],[0,0],[0,0],[0,0]],"o":[[0,0],[0,0],[0,0],[0,0]],"v":[[36.452,3.132],[-36.452,3.132],[-36.452,-3.132],[36.452,-3.132]]},"ix":2}},{"ty":"fl","bm":0,"hd":false,"mn":"ADBE Vector Graphic - Fill","nm":"Fill 1","c":{"a":0,"k":[0.4118,0.4118,0.4118],"ix":4},"r":1,"o":{"a":0,"k":100,"ix":5}},{"ty":"tr","a":{"a":0,"k":[0,0],"ix":1},"s":{"a":0,"k":[100,100],"ix":3},"sk":{"a":0,"k":0,"ix":4},"p":{"a":0,"k":[46.101,3.384],"ix":2},"r":{"a":0,"k":0,"ix":6},"sa":{"a":0,"k":0,"ix":5},"o":{"a":0,"k":100,"ix":7}}]}],"ind":6},{"ty":4,"nm":"upper plus Outlines","sr":1,"st":0,"op":49,"ip":0,"hd":false,"ddd":0,"bm":0,"hasMask":false,"ao":0,"ks":{"a":{"a":0,"k":[4.327,5.394,0],"ix":1},"s":{"a":0,"k":[100,100,100],"ix":6},"sk":{"a":0,"k":0},"p":{"a":0,"k":[240.192,36.293,0],"ix":2},"r":{"a":1,"k":[{"o":{"x":0.885,"y":0},"i":{"x":0.574,"y":1},"s":[0],"t":0},{"s":[360],"t":37}],"ix":10},"sa":{"a":0,"k":0},"o":{"a":0,"k":100,"ix":11}},"ef":[],"shapes":[{"ty":"gr","bm":0,"hd":false,"mn":"ADBE Vector Group","nm":"Group 1","ix":1,"cix":2,"np":2,"it":[{"ty":"sh","bm":0,"hd":false,"mn":"ADBE Vector Shape - Group","nm":"Path 1","ix":1,"d":1,"ks":{"a":0,"k":{"c":true,"i":[[0.408,0],[0,0],[0,0],[0.407,0],[0,-0.407],[0,0],[0,0],[0,-0.408],[-0.408,0],[0,0],[0,0],[-0.408,0],[0,0.408],[0,0],[0,0],[0,0.408]],"o":[[0,0],[0,0],[0,-0.407],[-0.408,0],[0,0],[0,0],[-0.408,0],[0,0.408],[0,0],[0,0],[0,0.408],[0.407,0],[0,0],[0,0],[0.408,0],[0,-0.408]],"v":[[3.339,-0.738],[0.738,-0.738],[0.738,-4.406],[0,-5.144],[-0.738,-4.406],[-0.738,-0.738],[-3.339,-0.738],[-4.077,0],[-3.339,0.738],[-0.738,0.738],[-0.738,4.406],[0,5.144],[0.738,4.406],[0.738,0.738],[3.339,0.738],[4.077,0]]},"ix":2}},{"ty":"fl","bm":0,"hd":false,"mn":"ADBE Vector Graphic - Fill","nm":"Fill 1","c":{"a":0,"k":[0.749,0.749,0.749],"ix":4},"r":1,"o":{"a":0,"k":100,"ix":5}},{"ty":"tr","a":{"a":0,"k":[0,0],"ix":1},"s":{"a":0,"k":[100,100],"ix":3},"sk":{"a":0,"k":0,"ix":4},"p":{"a":0,"k":[4.327,5.394],"ix":2},"r":{"a":0,"k":0,"ix":6},"sa":{"a":0,"k":0,"ix":5},"o":{"a":0,"k":100,"ix":7}}]}],"ind":7},{"ty":4,"nm":"down plus Outlines","sr":1,"st":0,"op":49,"ip":0,"hd":false,"ddd":0,"bm":0,"hasMask":false,"ao":0,"ks":{"a":{"a":0,"k":[2.966,3.677,0],"ix":1},"s":{"a":0,"k":[100,100,100],"ix":6},"sk":{"a":0,"k":0},"p":{"a":0,"k":[44.222,227.576,0],"ix":2},"r":{"a":1,"k":[{"o":{"x":0.854,"y":0},"i":{"x":0.467,"y":1},"s":[0],"t":0},{"s":[-360],"t":37}],"ix":10},"sa":{"a":0,"k":0},"o":{"a":0,"k":100,"ix":11}},"ef":[],"shapes":[{"ty":"gr","bm":0,"hd":false,"mn":"ADBE Vector Group","nm":"Group 1","ix":1,"cix":2,"np":2,"it":[{"ty":"sh","bm":0,"hd":false,"mn":"ADBE Vector Shape - Group","nm":"Path 1","ix":1,"d":1,"ks":{"a":0,"k":{"c":true,"i":[[0.272,0],[0,0],[0,0],[0.272,0],[0,-0.271],[0,0],[0,0],[0,-0.272],[-0.272,0],[0,0],[0,0],[-0.271,0],[0,0.272],[0,0],[0,0],[0,0.271]],"o":[[0,0],[0,0],[0,-0.271],[-0.271,0],[0,0],[0,0],[-0.272,0],[0,0.271],[0,0],[0,0],[0,0.272],[0.272,0],[0,0],[0,0],[0.272,0],[0,-0.272]],"v":[[2.225,-0.492],[0.492,-0.492],[0.492,-2.936],[-0.001,-3.427],[-0.492,-2.936],[-0.492,-0.492],[-2.225,-0.492],[-2.717,0],[-2.225,0.491],[-0.492,0.491],[-0.492,2.935],[-0.001,3.427],[0.492,2.935],[0.492,0.491],[2.225,0.491],[2.717,0]]},"ix":2}},{"ty":"fl","bm":0,"hd":false,"mn":"ADBE Vector Graphic - Fill","nm":"Fill 1","c":{"a":0,"k":[0.749,0.749,0.749],"ix":4},"r":1,"o":{"a":0,"k":100,"ix":5}},{"ty":"tr","a":{"a":0,"k":[0,0],"ix":1},"s":{"a":0,"k":[100,100],"ix":3},"sk":{"a":0,"k":0,"ix":4},"p":{"a":0,"k":[2.966,3.677],"ix":2},"r":{"a":0,"k":0,"ix":6},"sa":{"a":0,"k":0,"ix":5},"o":{"a":0,"k":100,"ix":7}}]}],"ind":8},{"ty":4,"nm":"left circle Outlines","sr":1,"st":0,"op":49,"ip":0,"hd":false,"ddd":0,"bm":0,"hasMask":false,"ao":0,"ks":{"a":{"a":0,"k":[3.541,3.541,0],"ix":1},"s":{"a":0,"k":[100,100,100],"ix":6},"sk":{"a":0,"k":0},"p":{"a":0,"k":[44.222,90.568,0],"ix":2},"r":{"a":0,"k":0,"ix":10},"sa":{"a":0,"k":0},"o":{"a":0,"k":100,"ix":11}},"ef":[],"shapes":[{"ty":"gr","bm":0,"hd":false,"mn":"ADBE Vector Group","nm":"Group 1","ix":1,"cix":2,"np":4,"it":[{"ty":"sh","bm":0,"hd":false,"mn":"ADBE Vector Shape - Group","nm":"Path 1","ix":1,"d":1,"ks":{"a":0,"k":{"c":true,"i":[[1.07,0],[0,-1.07],[-1.07,0],[0,1.07]],"o":[[-1.07,0],[0,1.07],[1.07,0],[0,-1.07]],"v":[[0,-1.941],[-1.941,0],[0,1.941],[1.941,0]]},"ix":2}},{"ty":"sh","bm":0,"hd":false,"mn":"ADBE Vector Shape - Group","nm":"Path 2","ix":2,"d":1,"ks":{"a":0,"k":{"c":true,"i":[[1.815,0],[0,1.815],[-1.815,0],[0,-1.814]],"o":[[-1.815,0],[0,-1.814],[1.815,0],[0,1.815]],"v":[[0,3.291],[-3.291,0],[0,-3.291],[3.291,0]]},"ix":2}},{"ty":"mm","bm":0,"hd":false,"mn":"ADBE Vector Filter - Merge","nm":"Merge Paths 1","mm":1},{"ty":"fl","bm":0,"hd":false,"mn":"ADBE Vector Graphic - Fill","nm":"Fill 1","c":{"a":0,"k":[0.749,0.749,0.749],"ix":4},"r":1,"o":{"a":0,"k":100,"ix":5}},{"ty":"tr","a":{"a":0,"k":[0,0],"ix":1},"s":{"a":0,"k":[100,100],"ix":3},"sk":{"a":0,"k":0,"ix":4},"p":{"a":0,"k":[3.541,3.541],"ix":2},"r":{"a":0,"k":0,"ix":6},"sa":{"a":0,"k":0,"ix":5},"o":{"a":0,"k":100,"ix":7}}]}],"ind":9},{"ty":4,"nm":"right circle Outlines","sr":1,"st":0,"op":49,"ip":0,"hd":false,"ddd":0,"bm":0,"hasMask":false,"ao":0,"ks":{"a":{"a":0,"k":[3.536,3.536,0],"ix":1},"s":{"a":0,"k":[100,100,100],"ix":6},"sk":{"a":0,"k":0},"p":{"a":0,"k":[265.145,158.631,0],"ix":2},"r":{"a":0,"k":0,"ix":10},"sa":{"a":0,"k":0},"o":{"a":0,"k":100,"ix":11}},"ef":[],"shapes":[{"ty":"gr","bm":0,"hd":false,"mn":"ADBE Vector Group","nm":"Group 1","ix":1,"cix":2,"np":4,"it":[{"ty":"sh","bm":0,"hd":false,"mn":"ADBE Vector Shape - Group","nm":"Path 1","ix":1,"d":1,"ks":{"a":0,"k":{"c":true,"i":[[1.069,0],[0,-1.068],[-1.069,0],[0,1.069]],"o":[[-1.069,0],[0,1.069],[1.069,0],[0,-1.068]],"v":[[0,-1.939],[-1.938,-0.001],[0,1.939],[1.938,-0.001]]},"ix":2}},{"ty":"sh","bm":0,"hd":false,"mn":"ADBE Vector Shape - Group","nm":"Path 2","ix":2,"d":1,"ks":{"a":0,"k":{"c":true,"i":[[1.812,0],[0,1.812],[-1.812,0],[0,-1.812]],"o":[[-1.812,0],[0,-1.812],[1.812,0],[0,1.812]],"v":[[0,3.286],[-3.286,-0.001],[0,-3.286],[3.286,-0.001]]},"ix":2}},{"ty":"mm","bm":0,"hd":false,"mn":"ADBE Vector Filter - Merge","nm":"Merge Paths 1","mm":1},{"ty":"fl","bm":0,"hd":false,"mn":"ADBE Vector Graphic - Fill","nm":"Fill 1","c":{"a":0,"k":[0.7451,0.7451,0.7451],"ix":4},"r":1,"o":{"a":0,"k":100,"ix":5}},{"ty":"tr","a":{"a":0,"k":[0,0],"ix":1},"s":{"a":0,"k":[100,100],"ix":3},"sk":{"a":0,"k":0,"ix":4},"p":{"a":0,"k":[3.536,3.536],"ix":2},"r":{"a":0,"k":0,"ix":6},"sa":{"a":0,"k":0,"ix":5},"o":{"a":0,"k":100,"ix":7}}]}],"ind":10},{"ty":0,"nm":"List Full","sr":1,"st":0,"op":49,"ip":0,"hd":false,"ddd":0,"bm":0,"hasMask":false,"ao":0,"ks":{"a":{"a":0,"k":[150,150,0],"ix":1},"s":{"a":0,"k":[100,100,100],"ix":6},"sk":{"a":0,"k":0},"p":{"a":0,"k":[151,150,0],"ix":2},"r":{"a":0,"k":0,"ix":10},"sa":{"a":0,"k":0},"o":{"a":0,"k":100,"ix":11}},"ef":[],"w":300,"h":300,"refId":"comp_2","ind":11},{"ty":4,"nm":"Layer 20 Outlines","sr":1,"st":0,"op":49,"ip":0,"hd":false,"ddd":0,"bm":0,"hasMask":false,"ao":0,"ks":{"a":{"a":0,"k":[101.919,101.919,0],"ix":1},"s":{"a":0,"k":[100,100,100],"ix":6},"sk":{"a":0,"k":0},"p":{"a":0,"k":[152.313,152.795,0],"ix":2},"r":{"a":0,"k":0,"ix":10},"sa":{"a":0,"k":0},"o":{"a":0,"k":100,"ix":11}},"ef":[],"shapes":[{"ty":"gr","bm":0,"hd":false,"mn":"ADBE Vector Group","nm":"Group 1","ix":1,"cix":2,"np":2,"it":[{"ty":"sh","bm":0,"hd":false,"mn":"ADBE Vector Shape - Group","nm":"Path 1","ix":1,"d":1,"ks":{"a":0,"k":{"c":true,"i":[[0,-56.15],[56.15,0],[0,56.15],[-56.151,0]],"o":[[0,56.15],[-56.151,0],[0,-56.15],[56.15,0]],"v":[[101.669,0],[0,101.669],[-101.669,0],[0,-101.669]]},"ix":2}},{"ty":"fl","bm":0,"hd":false,"mn":"ADBE Vector Graphic - Fill","nm":"Fill 1","c":{"a":0,"k":[1,0.4824,0.4824],"ix":4},"r":1,"o":{"a":0,"k":100,"ix":5}},{"ty":"tr","a":{"a":0,"k":[0,0],"ix":1},"s":{"a":0,"k":[100,100],"ix":3},"sk":{"a":0,"k":0,"ix":4},"p":{"a":0,"k":[101.919,101.919],"ix":2},"r":{"a":0,"k":0,"ix":6},"sa":{"a":0,"k":0,"ix":5},"o":{"a":0,"k":100,"ix":7}}]}],"ind":12}]},{"nm":"","id":"comp_1","layers":[{"ty":4,"nm":"hours Outlines","sr":1,"st":0,"op":240,"ip":0,"hd":false,"ddd":0,"bm":0,"hasMask":false,"ao":0,"ks":{"a":{"a":0,"k":[38.243,38.384,0],"ix":1},"s":{"a":0,"k":[100,100,100],"ix":6},"sk":{"a":0,"k":0},"p":{"a":0,"k":[46.244,56.153,0],"ix":2},"r":{"a":0,"k":0,"ix":10},"sa":{"a":0,"k":0},"o":{"a":0,"k":100,"ix":11}},"ef":[],"shapes":[{"ty":"gr","bm":0,"hd":false,"mn":"ADBE Vector Group","nm":"Group 1","ix":1,"cix":2,"np":2,"it":[{"ty":"sh","bm":0,"hd":false,"mn":"ADBE Vector Shape - Group","nm":"Path 1","ix":1,"d":1,"ks":{"a":0,"k":{"c":true,"i":[[0,0],[0,0],[0,0]],"o":[[0,0],[0,0],[0,0]],"v":[[2.403,-1.642],[-1.523,1.642],[-2.403,0.118]]},"ix":2}},{"ty":"fl","bm":0,"hd":false,"mn":"ADBE Vector Graphic - Fill","nm":"Fill 1","c":{"a":0,"k":[0,0.0275,0.2353],"ix":4},"r":1,"o":{"a":0,"k":100,"ix":5}},{"ty":"tr","a":{"a":0,"k":[0,0],"ix":1},"s":{"a":0,"k":[100,100],"ix":3},"sk":{"a":0,"k":0,"ix":4},"p":{"a":0,"k":[7.299,56.313],"ix":2},"r":{"a":0,"k":0,"ix":6},"sa":{"a":0,"k":0,"ix":5},"o":{"a":0,"k":100,"ix":7}}]},{"ty":"gr","bm":0,"hd":false,"mn":"ADBE Vector Group","nm":"Group 2","ix":2,"cix":2,"np":2,"it":[{"ty":"sh","bm":0,"hd":false,"mn":"ADBE Vector Shape - Group","nm":"Path 1","ix":1,"d":1,"ks":{"a":0,"k":{"c":true,"i":[[0,0],[0,0],[0,0]],"o":[[0,0],[0,0],[0,0]],"v":[[-2.402,1.641],[1.523,-1.641],[2.402,-0.117]]},"ix":2}},{"ty":"fl","bm":0,"hd":false,"mn":"ADBE Vector Graphic - Fill","nm":"Fill 1","c":{"a":0,"k":[0,0.0275,0.2353],"ix":4},"r":1,"o":{"a":0,"k":100,"ix":5}},{"ty":"tr","a":{"a":0,"k":[0,0],"ix":1},"s":{"a":0,"k":[100,100],"ix":3},"sk":{"a":0,"k":0,"ix":4},"p":{"a":0,"k":[69.124,20.11],"ix":2},"r":{"a":0,"k":0,"ix":6},"sa":{"a":0,"k":0,"ix":5},"o":{"a":0,"k":100,"ix":7}}]},{"ty":"gr","bm":0,"hd":false,"mn":"ADBE Vector Group","nm":"Group 3","ix":3,"cix":2,"np":2,"it":[{"ty":"sh","bm":0,"hd":false,"mn":"ADBE Vector Shape - Group","nm":"Path 1","ix":1,"d":1,"ks":{"a":0,"k":{"c":true,"i":[[0,0],[0,0],[0,0]],"o":[[0,0],[0,0],[0,0]],"v":[[-2.402,-1.642],[2.402,0.118],[1.523,1.642]]},"ix":2}},{"ty":"fl","bm":0,"hd":false,"mn":"ADBE Vector Graphic - Fill","nm":"Fill 1","c":{"a":0,"k":[0,0.0275,0.2353],"ix":4},"r":1,"o":{"a":0,"k":100,"ix":5}},{"ty":"tr","a":{"a":0,"k":[0,0],"ix":1},"s":{"a":0,"k":[100,100],"ix":3},"sk":{"a":0,"k":0,"ix":4},"p":{"a":0,"k":[69.124,56.313],"ix":2},"r":{"a":0,"k":0,"ix":6},"sa":{"a":0,"k":0,"ix":5},"o":{"a":0,"k":100,"ix":7}}]},{"ty":"gr","bm":0,"hd":false,"mn":"ADBE Vector Group","nm":"Group 4","ix":4,"cix":2,"np":2,"it":[{"ty":"sh","bm":0,"hd":false,"mn":"ADBE Vector Shape - Group","nm":"Path 1","ix":1,"d":1,"ks":{"a":0,"k":{"c":true,"i":[[0,0],[0,0],[0,0]],"o":[[0,0],[0,0],[0,0]],"v":[[2.403,1.641],[-2.403,-0.117],[-1.523,-1.641]]},"ix":2}},{"ty":"fl","bm":0,"hd":false,"mn":"ADBE Vector Graphic - Fill","nm":"Fill 1","c":{"a":0,"k":[0,0.0275,0.2353],"ix":4},"r":1,"o":{"a":0,"k":100,"ix":5}},{"ty":"tr","a":{"a":0,"k":[0,0],"ix":1},"s":{"a":0,"k":[100,100],"ix":3},"sk":{"a":0,"k":0,"ix":4},"p":{"a":0,"k":[7.299,20.11],"ix":2},"r":{"a":0,"k":0,"ix":6},"sa":{"a":0,"k":0,"ix":5},"o":{"a":0,"k":100,"ix":7}}]},{"ty":"gr","bm":0,"hd":false,"mn":"ADBE Vector Group","nm":"Group 5","ix":5,"cix":2,"np":2,"it":[{"ty":"sh","bm":0,"hd":false,"mn":"ADBE Vector Shape - Group","nm":"Path 1","ix":1,"d":1,"ks":{"a":0,"k":{"c":true,"i":[[0,0],[0,0],[0,0]],"o":[[0,0],[0,0],[0,0]],"v":[[-1.641,-2.403],[1.641,1.524],[0.117,2.403]]},"ix":2}},{"ty":"fl","bm":0,"hd":false,"mn":"ADBE Vector Graphic - Fill","nm":"Fill 1","c":{"a":0,"k":[0,0.0275,0.2353],"ix":4},"r":1,"o":{"a":0,"k":100,"ix":5}},{"ty":"tr","a":{"a":0,"k":[0,0],"ix":1},"s":{"a":0,"k":[100,100],"ix":3},"sk":{"a":0,"k":0,"ix":4},"p":{"a":0,"k":[56.313,69.124],"ix":2},"r":{"a":0,"k":0,"ix":6},"sa":{"a":0,"k":0,"ix":5},"o":{"a":0,"k":100,"ix":7}}]},{"ty":"gr","bm":0,"hd":false,"mn":"ADBE Vector Group","nm":"Group 6","ix":6,"cix":2,"np":2,"it":[{"ty":"sh","bm":0,"hd":false,"mn":"ADBE Vector Shape - Group","nm":"Path 1","ix":1,"d":1,"ks":{"a":0,"k":{"c":true,"i":[[0,0],[0,0],[0,0]],"o":[[0,0],[0,0],[0,0]],"v":[[1.642,2.403],[-1.642,-1.523],[-0.118,-2.403]]},"ix":2}},{"ty":"fl","bm":0,"hd":false,"mn":"ADBE Vector Graphic - Fill","nm":"Fill 1","c":{"a":0,"k":[0,0.0275,0.2353],"ix":4},"r":1,"o":{"a":0,"k":100,"ix":5}},{"ty":"tr","a":{"a":0,"k":[0,0],"ix":1},"s":{"a":0,"k":[100,100],"ix":3},"sk":{"a":0,"k":0,"ix":4},"p":{"a":0,"k":[20.111,7.299],"ix":2},"r":{"a":0,"k":0,"ix":6},"sa":{"a":0,"k":0,"ix":5},"o":{"a":0,"k":100,"ix":7}}]},{"ty":"gr","bm":0,"hd":false,"mn":"ADBE Vector Group","nm":"Group 7","ix":7,"cix":2,"np":2,"it":[{"ty":"sh","bm":0,"hd":false,"mn":"ADBE Vector Shape - Group","nm":"Path 1","ix":1,"d":1,"ks":{"a":0,"k":{"c":true,"i":[[0,0],[0,0],[0,0]],"o":[[0,0],[0,0],[0,0]],"v":[[1.642,-2.403],[-0.118,2.403],[-1.642,1.524]]},"ix":2}},{"ty":"fl","bm":0,"hd":false,"mn":"ADBE Vector Graphic - Fill","nm":"Fill 1","c":{"a":0,"k":[0,0.0275,0.2353],"ix":4},"r":1,"o":{"a":0,"k":100,"ix":5}},{"ty":"tr","a":{"a":0,"k":[0,0],"ix":1},"s":{"a":0,"k":[100,100],"ix":3},"sk":{"a":0,"k":0,"ix":4},"p":{"a":0,"k":[20.111,69.124],"ix":2},"r":{"a":0,"k":0,"ix":6},"sa":{"a":0,"k":0,"ix":5},"o":{"a":0,"k":100,"ix":7}}]},{"ty":"gr","bm":0,"hd":false,"mn":"ADBE Vector Group","nm":"Group 8","ix":8,"cix":2,"np":2,"it":[{"ty":"sh","bm":0,"hd":false,"mn":"ADBE Vector Shape - Group","nm":"Path 1","ix":1,"d":1,"ks":{"a":0,"k":{"c":true,"i":[[0,0],[0,0],[0,0]],"o":[[0,0],[0,0],[0,0]],"v":[[-1.641,2.403],[0.117,-2.403],[1.641,-1.523]]},"ix":2}},{"ty":"fl","bm":0,"hd":false,"mn":"ADBE Vector Graphic - Fill","nm":"Fill 1","c":{"a":0,"k":[0,0.0275,0.2353],"ix":4},"r":1,"o":{"a":0,"k":100,"ix":5}},{"ty":"tr","a":{"a":0,"k":[0,0],"ix":1},"s":{"a":0,"k":[100,100],"ix":3},"sk":{"a":0,"k":0,"ix":4},"p":{"a":0,"k":[56.313,7.299],"ix":2},"r":{"a":0,"k":0,"ix":6},"sa":{"a":0,"k":0,"ix":5},"o":{"a":0,"k":100,"ix":7}}]},{"ty":"gr","bm":0,"hd":false,"mn":"ADBE Vector Group","nm":"Group 9","ix":9,"cix":2,"np":2,"it":[{"ty":"sh","bm":0,"hd":false,"mn":"ADBE Vector Shape - Group","nm":"Path 1","ix":1,"d":1,"ks":{"a":0,"k":{"c":true,"i":[[0,0],[0,0],[0,0]],"o":[[0,0],[0,0],[0,0]],"v":[[2.521,-0.001],[-2.521,0.881],[-2.521,-0.881]]},"ix":2}},{"ty":"fl","bm":0,"hd":false,"mn":"ADBE Vector Graphic - Fill","nm":"Fill 1","c":{"a":0,"k":[0,0.0275,0.2353],"ix":4},"r":1,"o":{"a":0,"k":100,"ix":5}},{"ty":"tr","a":{"a":0,"k":[0,0],"ix":1},"s":{"a":0,"k":[100,100],"ix":3},"sk":{"a":0,"k":0,"ix":4},"p":{"a":0,"k":[2.771,38.212],"ix":2},"r":{"a":0,"k":0,"ix":6},"sa":{"a":0,"k":0,"ix":5},"o":{"a":0,"k":100,"ix":7}}]},{"ty":"gr","bm":0,"hd":false,"mn":"ADBE Vector Group","nm":"Group 10","ix":10,"cix":2,"np":2,"it":[{"ty":"sh","bm":0,"hd":false,"mn":"ADBE Vector Shape - Group","nm":"Path 1","ix":1,"d":1,"ks":{"a":0,"k":{"c":true,"i":[[0,0],[0,0],[0,0]],"o":[[0,0],[0,0],[0,0]],"v":[[-2.521,-0.001],[2.521,-0.881],[2.521,0.881]]},"ix":2}},{"ty":"fl","bm":0,"hd":false,"mn":"ADBE Vector Graphic - Fill","nm":"Fill 1","c":{"a":0,"k":[0,0.0275,0.2353],"ix":4},"r":1,"o":{"a":0,"k":100,"ix":5}},{"ty":"tr","a":{"a":0,"k":[0,0],"ix":1},"s":{"a":0,"k":[100,100],"ix":3},"sk":{"a":0,"k":0,"ix":4},"p":{"a":0,"k":[73.652,38.212],"ix":2},"r":{"a":0,"k":0,"ix":6},"sa":{"a":0,"k":0,"ix":5},"o":{"a":0,"k":100,"ix":7}}]},{"ty":"gr","bm":0,"hd":false,"mn":"ADBE Vector Group","nm":"Group 11","ix":11,"cix":2,"np":2,"it":[{"ty":"sh","bm":0,"hd":false,"mn":"ADBE Vector Shape - Group","nm":"Path 1","ix":1,"d":1,"ks":{"a":0,"k":{"c":true,"i":[[0,0],[0,0],[0,0]],"o":[[0,0],[0,0],[0,0]],"v":[[0.001,2.521],[-0.881,-2.521],[0.881,-2.521]]},"ix":2}},{"ty":"fl","bm":0,"hd":false,"mn":"ADBE Vector Graphic - Fill","nm":"Fill 1","c":{"a":0,"k":[0,0.0275,0.2353],"ix":4},"r":1,"o":{"a":0,"k":100,"ix":5}},{"ty":"tr","a":{"a":0,"k":[0,0],"ix":1},"s":{"a":0,"k":[100,100],"ix":3},"sk":{"a":0,"k":0,"ix":4},"p":{"a":0,"k":[38.212,2.771],"ix":2},"r":{"a":0,"k":0,"ix":6},"sa":{"a":0,"k":0,"ix":5},"o":{"a":0,"k":100,"ix":7}}]},{"ty":"gr","bm":0,"hd":false,"mn":"ADBE Vector Group","nm":"Group 12","ix":12,"cix":2,"np":2,"it":[{"ty":"sh","bm":0,"hd":false,"mn":"ADBE Vector Shape - Group","nm":"Path 1","ix":1,"d":1,"ks":{"a":0,"k":{"c":true,"i":[[0,0],[0,0],[0,0]],"o":[[0,0],[0,0],[0,0]],"v":[[0.001,-2.521],[0.881,2.521],[-0.881,2.521]]},"ix":2}},{"ty":"fl","bm":0,"hd":false,"mn":"ADBE Vector Graphic - Fill","nm":"Fill 1","c":{"a":0,"k":[0,0.0275,0.2353],"ix":4},"r":1,"o":{"a":0,"k":100,"ix":5}},{"ty":"tr","a":{"a":0,"k":[0,0],"ix":1},"s":{"a":0,"k":[100,100],"ix":3},"sk":{"a":0,"k":0,"ix":4},"p":{"a":0,"k":[38.212,73.653],"ix":2},"r":{"a":0,"k":0,"ix":6},"sa":{"a":0,"k":0,"ix":5},"o":{"a":0,"k":100,"ix":7}}]}],"ind":1},{"ty":4,"nm":"center Outlines","sr":1,"st":0,"op":240,"ip":0,"hd":false,"ddd":0,"bm":0,"hasMask":false,"ao":0,"ks":{"a":{"a":0,"k":[2.89,2.89,0],"ix":1},"s":{"a":0,"k":[100,100,100],"ix":6},"sk":{"a":0,"k":0},"p":{"a":0,"k":[46.253,56.126,0],"ix":2},"r":{"a":0,"k":0,"ix":10},"sa":{"a":0,"k":0},"o":{"a":0,"k":100,"ix":11}},"ef":[],"shapes":[{"ty":"gr","bm":0,"hd":false,"mn":"ADBE Vector Group","nm":"Group 1","ix":1,"cix":2,"np":2,"it":[{"ty":"sh","bm":0,"hd":false,"mn":"ADBE Vector Shape - Group","nm":"Path 1","ix":1,"d":1,"ks":{"a":0,"k":{"c":true,"i":[[-1.457,0],[0,-1.457],[1.457,0],[0,1.457]],"o":[[1.457,0],[0,1.457],[-1.457,0],[0,-1.457]],"v":[[0,-2.64],[2.64,0],[0,2.64],[-2.64,0]]},"ix":2}},{"ty":"fl","bm":0,"hd":false,"mn":"ADBE Vector Graphic - Fill","nm":"Fill 1","c":{"a":0,"k":[0.2196,0.2196,0.2196],"ix":4},"r":1,"o":{"a":0,"k":100,"ix":5}},{"ty":"tr","a":{"a":0,"k":[0,0],"ix":1},"s":{"a":0,"k":[100,100],"ix":3},"sk":{"a":0,"k":0,"ix":4},"p":{"a":0,"k":[2.89,2.89],"ix":2},"r":{"a":0,"k":0,"ix":6},"sa":{"a":0,"k":0,"ix":5},"o":{"a":0,"k":100,"ix":7}}]}],"ind":2},{"ty":4,"nm":"min arrow Outlines","sr":1,"st":0,"op":240,"ip":0,"hd":false,"ddd":0,"bm":0,"hasMask":false,"ao":0,"ks":{"a":{"a":0,"k":[2.038,31.753,0],"ix":1},"s":{"a":0,"k":[100,100,100],"ix":6},"sk":{"a":0,"k":0},"p":{"a":0,"k":[46.372,56.042,0],"ix":2},"r":{"a":1,"k":[{"o":{"x":0.919,"y":0},"i":{"x":0.54,"y":1},"s":[0],"t":0},{"s":[360],"t":48}],"ix":10},"sa":{"a":0,"k":0},"o":{"a":0,"k":100,"ix":11}},"ef":[],"shapes":[{"ty":"gr","bm":0,"hd":false,"mn":"ADBE Vector Group","nm":"Group 1","ix":1,"cix":2,"np":2,"it":[{"ty":"sh","bm":0,"hd":false,"mn":"ADBE Vector Shape - Group","nm":"Path 1","ix":1,"d":1,"ks":{"a":0,"k":{"c":true,"i":[[0,0],[0,0],[0.952,0],[-0.05,0.951]],"o":[[0,0],[0.05,0.951],[-0.951,0],[0,0]],"v":[[0,-16.644],[1.66,14.895],[0,16.644],[-1.66,14.895]]},"ix":2}},{"ty":"fl","bm":0,"hd":false,"mn":"ADBE Vector Graphic - Fill","nm":"Fill 1","c":{"a":0,"k":[0.0157,0.1765,0.1725],"ix":4},"r":1,"o":{"a":0,"k":100,"ix":5}},{"ty":"tr","a":{"a":0,"k":[0,0],"ix":1},"s":{"a":0,"k":[100,100],"ix":3},"sk":{"a":0,"k":0,"ix":4},"p":{"a":0,"k":[1.959,16.894],"ix":2},"r":{"a":0,"k":0,"ix":6},"sa":{"a":0,"k":0,"ix":5},"o":{"a":0,"k":100,"ix":7}}]}],"ind":3},{"ty":4,"nm":"hours arrow Outlines","sr":1,"st":0,"op":240,"ip":0,"hd":false,"ddd":0,"bm":0,"hasMask":false,"ao":0,"ks":{"a":{"a":0,"k":[2.097,1.825,0],"ix":1},"s":{"a":0,"k":[100,100,100],"ix":6},"sk":{"a":0,"k":0},"p":{"a":0,"k":[46.499,56.034,0],"ix":2},"r":{"a":1,"k":[{"o":{"x":0.919,"y":0},"i":{"x":0.54,"y":1},"s":[0],"t":0},{"s":[720],"t":48}],"ix":10},"sa":{"a":0,"k":0},"o":{"a":0,"k":100,"ix":11}},"ef":[],"shapes":[{"ty":"gr","bm":0,"hd":false,"mn":"ADBE Vector Group","nm":"Group 1","ix":1,"cix":2,"np":2,"it":[{"ty":"sh","bm":0,"hd":false,"mn":"ADBE Vector Shape - Group","nm":"Path 1","ix":1,"d":1,"ks":{"a":0,"k":{"c":true,"i":[[0,0],[0,0],[0,0.948],[-0.947,-0.061]],"o":[[0,0],[-0.947,0.061],[0,-0.949],[0,0]],"v":[[13.566,0.001],[-11.818,1.639],[-13.566,0.001],[-11.818,-1.639]]},"ix":2}},{"ty":"fl","bm":0,"hd":false,"mn":"ADBE Vector Graphic - Fill","nm":"Fill 1","c":{"a":0,"k":[0.0314,0.1294,0.149],"ix":4},"r":1,"o":{"a":0,"k":100,"ix":5}},{"ty":"tr","a":{"a":0,"k":[0,0],"ix":1},"s":{"a":0,"k":[100,100],"ix":3},"sk":{"a":0,"k":0,"ix":4},"p":{"a":0,"k":[13.815,1.95],"ix":2},"r":{"a":0,"k":0,"ix":6},"sa":{"a":0,"k":0,"ix":5},"o":{"a":0,"k":100,"ix":7}}]}],"ind":4},{"ty":4,"nm":"timer body Outlines","sr":1,"st":0,"op":240,"ip":0,"hd":false,"ddd":0,"bm":0,"hasMask":false,"ao":0,"ks":{"a":{"a":0,"k":[46.037,52.5,0],"ix":1},"s":{"a":0,"k":[100,100,100],"ix":6},"sk":{"a":0,"k":0},"p":{"a":0,"k":[46.213,51.947,0],"ix":2},"r":{"a":0,"k":0,"ix":10},"sa":{"a":0,"k":0},"o":{"a":0,"k":100,"ix":11}},"ef":[],"shapes":[{"ty":"gr","bm":0,"hd":false,"mn":"ADBE Vector Group","nm":"Group 1","ix":1,"cix":2,"np":2,"it":[{"ty":"sh","bm":0,"hd":false,"mn":"ADBE Vector Shape - Group","nm":"Path 1","ix":1,"d":1,"ks":{"a":0,"k":{"c":true,"i":[[-22.791,0],[0,-22.79],[22.791,0],[0,22.791]],"o":[[22.791,0],[0,22.791],[-22.791,0],[0,-22.79]],"v":[[0.001,-41.294],[41.294,-0.001],[0.001,41.294],[-41.294,-0.001]]},"ix":2}},{"ty":"fl","bm":0,"hd":false,"mn":"ADBE Vector Graphic - Fill","nm":"Fill 1","c":{"a":0,"k":[0.9569,0.9529,0.9569],"ix":4},"r":1,"o":{"a":0,"k":100,"ix":5}},{"ty":"tr","a":{"a":0,"k":[0,0],"ix":1},"s":{"a":0,"k":[100,100],"ix":3},"sk":{"a":0,"k":0,"ix":4},"p":{"a":0,"k":[46.078,56.679],"ix":2},"r":{"a":0,"k":0,"ix":6},"sa":{"a":0,"k":0,"ix":5},"o":{"a":0,"k":100,"ix":7}}]},{"ty":"gr","bm":0,"hd":false,"mn":"ADBE Vector Group","nm":"Group 2","ix":2,"cix":2,"np":2,"it":[{"ty":"sh","bm":0,"hd":false,"mn":"ADBE Vector Shape - Group","nm":"Path 1","ix":1,"d":1,"ks":{"a":0,"k":{"c":true,"i":[[0,0],[0,0],[0,0],[0,0]],"o":[[0,0],[0,0],[0,0],[0,0]],"v":[[-11.191,3.059],[11.191,3.059],[11.191,-3.059],[-11.191,-3.059]]},"ix":2}},{"ty":"fl","bm":0,"hd":false,"mn":"ADBE Vector Graphic - Fill","nm":"Fill 1","c":{"a":0,"k":[0.1804,0.0039,0.0039],"ix":4},"r":1,"o":{"a":0,"k":100,"ix":5}},{"ty":"tr","a":{"a":0,"k":[0,0],"ix":1},"s":{"a":0,"k":[100,100],"ix":3},"sk":{"a":0,"k":0,"ix":4},"p":{"a":0,"k":[46.038,3.309],"ix":2},"r":{"a":0,"k":0,"ix":6},"sa":{"a":0,"k":0,"ix":5},"o":{"a":0,"k":100,"ix":7}}]},{"ty":"gr","bm":0,"hd":false,"mn":"ADBE Vector Group","nm":"Group 3","ix":3,"cix":2,"np":4,"it":[{"ty":"sh","bm":0,"hd":false,"mn":"ADBE Vector Shape - Group","nm":"Path 1","ix":1,"d":1,"ks":{"a":0,"k":{"c":true,"i":[[0,0],[0,0],[0,0]],"o":[[0,0],[0,0],[0,0]],"v":[[-4.934,-0.757],[4.934,1.92],[3.314,-1.92]]},"ix":2}},{"ty":"sh","bm":0,"hd":false,"mn":"ADBE Vector Shape - Group","nm":"Path 2","ix":2,"d":1,"ks":{"a":0,"k":{"c":true,"i":[[0,0],[0,0],[0,0],[0,0]],"o":[[0,0],[0,0],[0,0],[0,0]],"v":[[-3.814,-2.543],[-6.949,5.507],[5.596,5.507],[2.46,-2.543]]},"ix":2}},{"ty":"mm","bm":0,"hd":false,"mn":"ADBE Vector Filter - Merge","nm":"Merge Paths 1","mm":4},{"ty":"fl","bm":0,"hd":false,"mn":"ADBE Vector Graphic - Fill","nm":"Fill 1","c":{"a":0,"k":[0.1804,0.0039,0.0039],"ix":4},"r":1,"o":{"a":0,"k":100,"ix":5}},{"ty":"tr","a":{"a":0,"k":[0,0],"ix":1},"s":{"a":0,"k":[100,100],"ix":3},"sk":{"a":0,"k":0,"ix":4},"p":{"a":0,"k":[46.714,7.131],"ix":2},"r":{"a":0,"k":0,"ix":6},"sa":{"a":0,"k":0,"ix":5},"o":{"a":0,"k":100,"ix":7}}]},{"ty":"gr","bm":0,"hd":false,"mn":"ADBE Vector Group","nm":"Group 4","ix":4,"cix":2,"np":2,"it":[{"ty":"sh","bm":0,"hd":false,"mn":"ADBE Vector Shape - Group","nm":"Path 1","ix":1,"d":1,"ks":{"a":0,"k":{"c":true,"i":[[0,0],[0,0],[0,0],[0,0]],"o":[[0,0],[0,0],[0,0],[0,0]],"v":[[6.273,4.025],[-6.273,4.025],[-3.137,-4.025],[3.137,-4.025]]},"ix":2}},{"ty":"fl","bm":0,"hd":false,"mn":"ADBE Vector Graphic - Fill","nm":"Fill 1","c":{"a":0,"k":[0.1804,0.0039,0.0039],"ix":4},"r":1,"o":{"a":0,"k":100,"ix":5}},{"ty":"tr","a":{"a":0,"k":[0,0],"ix":1},"s":{"a":0,"k":[100,100],"ix":3},"sk":{"a":0,"k":0,"ix":4},"p":{"a":0,"k":[46.038,8.613],"ix":2},"r":{"a":0,"k":0,"ix":6},"sa":{"a":0,"k":0,"ix":5},"o":{"a":0,"k":100,"ix":7}}]},{"ty":"gr","bm":0,"hd":false,"mn":"ADBE Vector Group","nm":"Group 5","ix":5,"cix":2,"np":2,"it":[{"ty":"sh","bm":0,"hd":false,"mn":"ADBE Vector Shape - Group","nm":"Path 1","ix":1,"d":1,"ks":{"a":0,"k":{"c":true,"i":[[-25.271,0],[0,-25.27],[25.271,0],[0,25.272]],"o":[[25.271,0],[0,25.272],[-25.271,0],[0,-25.27]],"v":[[0.001,-45.788],[45.788,-0.001],[0.001,45.788],[-45.788,-0.001]]},"ix":2}},{"ty":"fl","bm":0,"hd":false,"mn":"ADBE Vector Graphic - Fill","nm":"Fill 1","c":{"a":0,"k":[0.1804,0.0039,0.0039],"ix":4},"r":1,"o":{"a":0,"k":100,"ix":5}},{"ty":"tr","a":{"a":0,"k":[0,0],"ix":1},"s":{"a":0,"k":[100,100],"ix":3},"sk":{"a":0,"k":0,"ix":4},"p":{"a":0,"k":[46.037,56.644],"ix":2},"r":{"a":0,"k":0,"ix":6},"sa":{"a":0,"k":0,"ix":5},"o":{"a":0,"k":100,"ix":7}}]},{"ty":"gr","bm":0,"hd":false,"mn":"ADBE Vector Group","nm":"Group 6","ix":6,"cix":2,"np":2,"it":[{"ty":"sh","bm":0,"hd":false,"mn":"ADBE Vector Shape - Group","nm":"Path 1","ix":1,"d":1,"ks":{"a":0,"k":{"c":true,"i":[[0,0],[0,0],[0,0],[0,0],[0,0]],"o":[[0,0],[0,0],[0,0],[0,0],[0,0]],"v":[[-4.868,-3.934],[1.492,3.977],[4.868,2.123],[1.134,-0.857],[-4.859,-3.977]]},"ix":2}},{"ty":"fl","bm":0,"hd":false,"mn":"ADBE Vector Graphic - Fill","nm":"Fill 1","c":{"a":0,"k":[0.1804,0.0039,0.0039],"ix":4},"r":1,"o":{"a":0,"k":100,"ix":5}},{"ty":"tr","a":{"a":0,"k":[0,0],"ix":1},"s":{"a":0,"k":[100,100],"ix":3},"sk":{"a":0,"k":0,"ix":4},"p":{"a":0,"k":[21.627,95.751],"ix":2},"r":{"a":0,"k":0,"ix":6},"sa":{"a":0,"k":0,"ix":5},"o":{"a":0,"k":100,"ix":7}}]},{"ty":"gr","bm":0,"hd":false,"mn":"ADBE Vector Group","nm":"Group 7","ix":7,"cix":2,"np":2,"it":[{"ty":"sh","bm":0,"hd":false,"mn":"ADBE Vector Shape - Group","nm":"Path 1","ix":1,"d":1,"ks":{"a":0,"k":{"c":true,"i":[[0,0],[0,0],[0,0]],"o":[[0,0],[0,0],[0,0]],"v":[[-3.162,-7.197],[-6.26,7.197],[6.26,0.322]]},"ix":2}},{"ty":"fl","bm":0,"hd":false,"mn":"ADBE Vector Graphic - Fill","nm":"Fill 1","c":{"a":0,"k":[0.1804,0.0039,0.0039],"ix":4},"r":1,"o":{"a":0,"k":100,"ix":5}},{"ty":"tr","a":{"a":0,"k":[0,0],"ix":1},"s":{"a":0,"k":[100,100],"ix":3},"sk":{"a":0,"k":0,"ix":4},"p":{"a":0,"k":[20.235,97.553],"ix":2},"r":{"a":0,"k":0,"ix":6},"sa":{"a":0,"k":0,"ix":5},"o":{"a":0,"k":100,"ix":7}}]},{"ty":"gr","bm":0,"hd":false,"mn":"ADBE Vector Group","nm":"Group 8","ix":8,"cix":2,"np":2,"it":[{"ty":"sh","bm":0,"hd":false,"mn":"ADBE Vector Shape - Group","nm":"Path 1","ix":1,"d":1,"ks":{"a":0,"k":{"c":true,"i":[[0,0],[0,0],[0,0],[0,0]],"o":[[0,0],[0,0],[0,0],[0,0]],"v":[[-5.234,3.697],[-5.006,3.822],[5.234,1.036],[4.188,-3.822]]},"ix":2}},{"ty":"fl","bm":0,"hd":false,"mn":"ADBE Vector Graphic - Fill","nm":"Fill 1","c":{"a":0,"k":[0.3569,0.3569,0.3569],"ix":4},"r":1,"o":{"a":0,"k":100,"ix":5}},{"ty":"tr","a":{"a":0,"k":[0,0],"ix":1},"s":{"a":0,"k":[100,100],"ix":3},"sk":{"a":0,"k":0,"ix":4},"p":{"a":0,"k":[70.814,94.178],"ix":2},"r":{"a":0,"k":0,"ix":6},"sa":{"a":0,"k":0,"ix":5},"o":{"a":0,"k":100,"ix":7}}]},{"ty":"gr","bm":0,"hd":false,"mn":"ADBE Vector Group","nm":"Group 9","ix":9,"cix":2,"np":2,"it":[{"ty":"sh","bm":0,"hd":false,"mn":"ADBE Vector Shape - Group","nm":"Path 1","ix":1,"d":1,"ks":{"a":0,"k":{"c":true,"i":[[0,0],[0,0],[0,0]],"o":[[0,0],[0,0],[0,0]],"v":[[3.162,-7.197],[6.26,7.197],[-6.26,0.322]]},"ix":2}},{"ty":"fl","bm":0,"hd":false,"mn":"ADBE Vector Graphic - Fill","nm":"Fill 1","c":{"a":0,"k":[0.1804,0.0039,0.0039],"ix":4},"r":1,"o":{"a":0,"k":100,"ix":5}},{"ty":"tr","a":{"a":0,"k":[0,0],"ix":1},"s":{"a":0,"k":[100,100],"ix":3},"sk":{"a":0,"k":0,"ix":4},"p":{"a":0,"k":[71.84,97.553],"ix":2},"r":{"a":0,"k":0,"ix":6},"sa":{"a":0,"k":0,"ix":5},"o":{"a":0,"k":100,"ix":7}}]}],"ind":5}]},{"nm":"","id":"comp_2","layers":[{"ty":4,"nm":"holder dots Outlines","sr":1,"st":0,"op":240,"ip":0,"hd":false,"ddd":0,"bm":0,"hasMask":false,"ao":0,"ks":{"a":{"a":0,"k":[26.535,9.554,0],"ix":1},"s":{"a":0,"k":[100,100,100],"ix":6},"sk":{"a":0,"k":0},"p":{"a":0,"k":[152.313,55.579,0],"ix":2},"r":{"a":0,"k":0,"ix":10},"sa":{"a":0,"k":0},"o":{"a":0,"k":100,"ix":11}},"ef":[],"shapes":[{"ty":"gr","bm":0,"hd":false,"mn":"ADBE Vector Group","nm":"Group 1","ix":1,"cix":2,"np":33,"it":[{"ty":"sh","bm":0,"hd":false,"mn":"ADBE Vector Shape - Group","nm":"Path 1","ix":1,"d":1,"ks":{"a":0,"k":{"c":true,"i":[[0.243,0],[0,0],[0,0.244],[-0.244,0],[0,0],[0,-0.243]],"o":[[0,0],[-0.244,0],[0,-0.243],[0,0],[0.243,0],[0,0.244]],"v":[[-20.836,-8.423],[-22.604,-8.423],[-23.045,-8.864],[-22.604,-9.304],[-20.836,-9.304],[-20.395,-8.864]]},"ix":2}},{"ty":"sh","bm":0,"hd":false,"mn":"ADBE Vector Shape - Group","nm":"Path 2","ix":2,"d":1,"ks":{"a":0,"k":{"c":true,"i":[[0.244,0],[0,0],[0,0.244],[-0.244,0],[0,0],[0,-0.243]],"o":[[0,0],[-0.244,0],[0,-0.243],[0,0],[0.244,0],[0,0.244]],"v":[[-16.415,-8.423],[-18.183,-8.423],[-18.624,-8.864],[-18.183,-9.304],[-16.415,-9.304],[-15.974,-8.864]]},"ix":2}},{"ty":"sh","bm":0,"hd":false,"mn":"ADBE Vector Shape - Group","nm":"Path 3","ix":3,"d":1,"ks":{"a":0,"k":{"c":true,"i":[[0.244,0],[0,0],[0,0.244],[-0.244,0],[0,0],[0,-0.243]],"o":[[0,0],[-0.244,0],[0,-0.243],[0,0],[0.244,0],[0,0.244]],"v":[[-11.994,-8.423],[-13.762,-8.423],[-14.203,-8.864],[-13.762,-9.304],[-11.994,-9.304],[-11.553,-8.864]]},"ix":2}},{"ty":"sh","bm":0,"hd":false,"mn":"ADBE Vector Shape - Group","nm":"Path 4","ix":4,"d":1,"ks":{"a":0,"k":{"c":true,"i":[[0.244,0],[0,0],[0,0.244],[-0.244,0],[0,0],[0,-0.243]],"o":[[0,0],[-0.244,0],[0,-0.243],[0,0],[0.244,0],[0,0.244]],"v":[[-7.573,-8.423],[-9.341,-8.423],[-9.782,-8.864],[-9.341,-9.304],[-7.573,-9.304],[-7.132,-8.864]]},"ix":2}},{"ty":"sh","bm":0,"hd":false,"mn":"ADBE Vector Shape - Group","nm":"Path 5","ix":5,"d":1,"ks":{"a":0,"k":{"c":true,"i":[[0.244,0],[0,0],[0,0.244],[-0.243,0],[0,0],[0,-0.243]],"o":[[0,0],[-0.243,0],[0,-0.243],[0,0],[0.244,0],[0,0.244]],"v":[[-3.152,-8.423],[-4.92,-8.423],[-5.361,-8.864],[-4.92,-9.304],[-3.152,-9.304],[-2.711,-8.864]]},"ix":2}},{"ty":"sh","bm":0,"hd":false,"mn":"ADBE Vector Shape - Group","nm":"Path 6","ix":6,"d":1,"ks":{"a":0,"k":{"c":true,"i":[[0.244,0],[0,0],[0,0.244],[-0.243,0],[0,0],[0,-0.243]],"o":[[0,0],[-0.243,0],[0,-0.243],[0,0],[0.244,0],[0,0.244]],"v":[[1.269,-8.423],[-0.499,-8.423],[-0.94,-8.864],[-0.499,-9.304],[1.269,-9.304],[1.71,-8.864]]},"ix":2}},{"ty":"sh","bm":0,"hd":false,"mn":"ADBE Vector Shape - Group","nm":"Path 7","ix":7,"d":1,"ks":{"a":0,"k":{"c":true,"i":[[0.243,0],[0,0],[0,0.244],[-0.243,0],[0,0],[0,-0.243]],"o":[[0,0],[-0.243,0],[0,-0.243],[0,0],[0.243,0],[0,0.244]],"v":[[5.691,-8.423],[3.922,-8.423],[3.481,-8.864],[3.922,-9.304],[5.691,-9.304],[6.131,-8.864]]},"ix":2}},{"ty":"sh","bm":0,"hd":false,"mn":"ADBE Vector Shape - Group","nm":"Path 8","ix":8,"d":1,"ks":{"a":0,"k":{"c":true,"i":[[0.243,0],[0,0],[0,0.244],[-0.243,0],[0,0],[0,-0.243]],"o":[[0,0],[-0.243,0],[0,-0.243],[0,0],[0.243,0],[0,0.244]],"v":[[10.112,-8.423],[8.343,-8.423],[7.902,-8.864],[8.343,-9.304],[10.112,-9.304],[10.552,-8.864]]},"ix":2}},{"ty":"sh","bm":0,"hd":false,"mn":"ADBE Vector Shape - Group","nm":"Path 9","ix":9,"d":1,"ks":{"a":0,"k":{"c":true,"i":[[0.243,0],[0,0],[0,0.244],[-0.243,0],[0,0],[0,-0.243]],"o":[[0,0],[-0.243,0],[0,-0.243],[0,0],[0.243,0],[0,0.244]],"v":[[14.533,-8.423],[12.764,-8.423],[12.324,-8.864],[12.764,-9.304],[14.533,-9.304],[14.973,-8.864]]},"ix":2}},{"ty":"sh","bm":0,"hd":false,"mn":"ADBE Vector Shape - Group","nm":"Path 10","ix":10,"d":1,"ks":{"a":0,"k":{"c":true,"i":[[0.243,0],[0,0],[0,0.244],[-0.243,0],[0,0],[0,-0.243]],"o":[[0,0],[-0.243,0],[0,-0.243],[0,0],[0.243,0],[0,0.244]],"v":[[18.954,-8.423],[17.185,-8.423],[16.745,-8.864],[17.185,-9.304],[18.954,-9.304],[19.395,-8.864]]},"ix":2}},{"ty":"sh","bm":0,"hd":false,"mn":"ADBE Vector Shape - Group","nm":"Path 11","ix":11,"d":1,"ks":{"a":0,"k":{"c":true,"i":[[0.243,0],[0,0],[0,0.244],[-0.243,0],[0,0],[0,-0.243]],"o":[[0,0],[-0.243,0],[0,-0.243],[0,0],[0.243,0],[0,0.244]],"v":[[23.375,-8.423],[21.606,-8.423],[21.166,-8.864],[21.606,-9.304],[23.375,-9.304],[23.816,-8.864]]},"ix":2}},{"ty":"sh","bm":0,"hd":false,"mn":"ADBE Vector Shape - Group","nm":"Path 12","ix":12,"d":1,"ks":{"a":0,"k":{"c":true,"i":[[0.243,0],[0,0.243],[0,0],[-0.521,0.241],[-0.102,-0.221],[0.221,-0.102],[0,-0.229],[0,0]],"o":[[-0.244,0],[0,0],[0,-0.571],[0.221,-0.102],[0.102,0.221],[-0.21,0.097],[0,0],[0,0.243]],"v":[[-25.844,-6.799],[-26.285,-7.239],[-26.285,-7.832],[-25.428,-9.169],[-24.843,-8.954],[-25.058,-8.369],[-25.403,-7.832],[-25.403,-7.239]]},"ix":2}},{"ty":"sh","bm":0,"hd":false,"mn":"ADBE Vector Shape - Group","nm":"Path 13","ix":13,"d":1,"ks":{"a":0,"k":{"c":true,"i":[[0.243,0],[0,0.244],[0,0],[0.03,0.071],[-0.225,0.093],[-0.094,-0.225],[0,-0.195],[0,0]],"o":[[-0.243,0],[0,0],[0,-0.078],[-0.093,-0.225],[0.224,-0.094],[0.075,0.179],[0,0],[0,0.244]],"v":[[25.844,-6.028],[25.403,-6.469],[25.403,-7.832],[25.358,-8.057],[25.596,-8.633],[26.172,-8.396],[26.285,-7.832],[26.285,-6.469]]},"ix":2}},{"ty":"sh","bm":0,"hd":false,"mn":"ADBE Vector Shape - Group","nm":"Path 14","ix":14,"d":1,"ks":{"a":0,"k":{"c":true,"i":[[0.243,0],[0,0.243],[0,0],[-0.244,0],[0,-0.243],[0,0]],"o":[[-0.244,0],[0,0],[0,-0.243],[0.243,0],[0,0],[0,0.243]],"v":[[-25.844,-2.378],[-26.285,-2.818],[-26.285,-4.587],[-25.844,-5.027],[-25.403,-4.587],[-25.403,-2.818]]},"ix":2}},{"ty":"sh","bm":0,"hd":false,"mn":"ADBE Vector Shape - Group","nm":"Path 15","ix":15,"d":1,"ks":{"a":0,"k":{"c":true,"i":[[0.243,0],[0,0.244],[0,0],[-0.243,0],[0,-0.243],[0,0]],"o":[[-0.243,0],[0,0],[0,-0.243],[0.243,0],[0,0],[0,0.244]],"v":[[25.844,-1.607],[25.403,-2.048],[25.403,-3.816],[25.844,-4.257],[26.285,-3.816],[26.285,-2.048]]},"ix":2}},{"ty":"sh","bm":0,"hd":false,"mn":"ADBE Vector Shape - Group","nm":"Path 16","ix":16,"d":1,"ks":{"a":0,"k":{"c":true,"i":[[0.243,0],[0,0.243],[0,0],[-0.244,0],[0,-0.243],[0,0]],"o":[[-0.244,0],[0,0],[0,-0.243],[0.243,0],[0,0],[0,0.243]],"v":[[-25.844,2.044],[-26.285,1.603],[-26.285,-0.166],[-25.844,-0.606],[-25.403,-0.166],[-25.403,1.603]]},"ix":2}},{"ty":"sh","bm":0,"hd":false,"mn":"ADBE Vector Shape - Group","nm":"Path 17","ix":17,"d":1,"ks":{"a":0,"k":{"c":true,"i":[[0.243,0],[0,0.244],[0,0],[-0.243,0],[0,-0.243],[0,0]],"o":[[-0.243,0],[0,0],[0,-0.243],[0.243,0],[0,0],[0,0.244]],"v":[[25.844,2.814],[25.403,2.373],[25.403,0.605],[25.844,0.164],[26.285,0.605],[26.285,2.373]]},"ix":2}},{"ty":"sh","bm":0,"hd":false,"mn":"ADBE Vector Shape - Group","nm":"Path 18","ix":18,"d":1,"ks":{"a":0,"k":{"c":true,"i":[[0.243,0],[0,0.243],[0,0],[-0.244,0],[0,-0.243],[0,0]],"o":[[-0.244,0],[0,0],[0,-0.243],[0.243,0],[0,0],[0,0.243]],"v":[[-25.844,6.465],[-26.285,6.024],[-26.285,4.255],[-25.844,3.815],[-25.403,4.255],[-25.403,6.024]]},"ix":2}},{"ty":"sh","bm":0,"hd":false,"mn":"ADBE Vector Shape - Group","nm":"Path 19","ix":19,"d":1,"ks":{"a":0,"k":{"c":true,"i":[[0.243,0],[0,0.243],[0,0],[-0.243,0],[0,-0.243],[0,0]],"o":[[-0.243,0],[0,0],[0,-0.243],[0.243,0],[0,0],[0,0.243]],"v":[[25.844,7.235],[25.403,6.795],[25.403,5.026],[25.844,4.585],[26.285,5.026],[26.285,6.795]]},"ix":2}},{"ty":"sh","bm":0,"hd":false,"mn":"ADBE Vector Shape - Group","nm":"Path 20","ix":20,"d":1,"ks":{"a":0,"k":{"c":true,"i":[[0.243,0],[0,0],[0.274,0.257],[-0.166,0.178],[-0.178,-0.167],[-0.149,0],[0,0],[0,-0.243]],"o":[[0,0],[-0.373,0],[-0.178,-0.166],[0.166,-0.177],[0.11,0.103],[0,0],[0.243,0],[0,0.244]],"v":[[-23.819,9.304],[-24.813,9.304],[-25.817,8.906],[-25.838,8.283],[-25.215,8.263],[-24.813,8.423],[-23.819,8.423],[-23.379,8.863]]},"ix":2}},{"ty":"sh","bm":0,"hd":false,"mn":"ADBE Vector Shape - Group","nm":"Path 21","ix":21,"d":1,"ks":{"a":0,"k":{"c":true,"i":[[0.243,0],[0,0],[0,0.244],[-0.243,0],[0,0],[0,-0.243]],"o":[[0,0],[-0.243,0],[0,-0.243],[0,0],[0.243,0],[0,0.244]],"v":[[-19.398,9.304],[-21.167,9.304],[-21.607,8.863],[-21.167,8.423],[-19.398,8.423],[-18.958,8.863]]},"ix":2}},{"ty":"sh","bm":0,"hd":false,"mn":"ADBE Vector Shape - Group","nm":"Path 22","ix":22,"d":1,"ks":{"a":0,"k":{"c":true,"i":[[0.243,0],[0,0],[0,0.244],[-0.243,0],[0,0],[0,-0.243]],"o":[[0,0],[-0.243,0],[0,-0.243],[0,0],[0.243,0],[0,0.244]],"v":[[-14.977,9.304],[-16.746,9.304],[-17.186,8.863],[-16.746,8.423],[-14.977,8.423],[-14.536,8.863]]},"ix":2}},{"ty":"sh","bm":0,"hd":false,"mn":"ADBE Vector Shape - Group","nm":"Path 23","ix":23,"d":1,"ks":{"a":0,"k":{"c":true,"i":[[0.243,0],[0,0],[0,0.244],[-0.243,0],[0,0],[0,-0.243]],"o":[[0,0],[-0.243,0],[0,-0.243],[0,0],[0.243,0],[0,0.244]],"v":[[-10.556,9.304],[-12.325,9.304],[-12.765,8.863],[-12.325,8.423],[-10.556,8.423],[-10.115,8.863]]},"ix":2}},{"ty":"sh","bm":0,"hd":false,"mn":"ADBE Vector Shape - Group","nm":"Path 24","ix":24,"d":1,"ks":{"a":0,"k":{"c":true,"i":[[0.243,0],[0,0],[0,0.244],[-0.244,0],[0,0],[0,-0.243]],"o":[[0,0],[-0.244,0],[0,-0.243],[0,0],[0.243,0],[0,0.244]],"v":[[-6.135,9.304],[-7.903,9.304],[-8.344,8.863],[-7.903,8.423],[-6.135,8.423],[-5.694,8.863]]},"ix":2}},{"ty":"sh","bm":0,"hd":false,"mn":"ADBE Vector Shape - Group","nm":"Path 25","ix":25,"d":1,"ks":{"a":0,"k":{"c":true,"i":[[0.243,0],[0,0],[0,0.244],[-0.244,0],[0,0],[0,-0.243]],"o":[[0,0],[-0.244,0],[0,-0.243],[0,0],[0.243,0],[0,0.244]],"v":[[-1.714,9.304],[-3.482,9.304],[-3.923,8.863],[-3.482,8.423],[-1.714,8.423],[-1.273,8.863]]},"ix":2}},{"ty":"sh","bm":0,"hd":false,"mn":"ADBE Vector Shape - Group","nm":"Path 26","ix":26,"d":1,"ks":{"a":0,"k":{"c":true,"i":[[0.244,0],[0,0],[0,0.244],[-0.244,0],[0,0],[0,-0.243]],"o":[[0,0],[-0.244,0],[0,-0.243],[0,0],[0.244,0],[0,0.244]],"v":[[2.707,9.304],[0.939,9.304],[0.498,8.863],[0.939,8.423],[2.707,8.423],[3.148,8.863]]},"ix":2}},{"ty":"sh","bm":0,"hd":false,"mn":"ADBE Vector Shape - Group","nm":"Path 27","ix":27,"d":1,"ks":{"a":0,"k":{"c":true,"i":[[0.244,0],[0,0],[0,0.244],[-0.244,0],[0,0],[0,-0.243]],"o":[[0,0],[-0.244,0],[0,-0.243],[0,0],[0.244,0],[0,0.244]],"v":[[7.128,9.304],[5.36,9.304],[4.919,8.863],[5.36,8.423],[7.128,8.423],[7.569,8.863]]},"ix":2}},{"ty":"sh","bm":0,"hd":false,"mn":"ADBE Vector Shape - Group","nm":"Path 28","ix":28,"d":1,"ks":{"a":0,"k":{"c":true,"i":[[0.244,0],[0,0],[0,0.244],[-0.244,0],[0,0],[0,-0.243]],"o":[[0,0],[-0.244,0],[0,-0.243],[0,0],[0.244,0],[0,0.244]],"v":[[11.549,9.304],[9.781,9.304],[9.34,8.863],[9.781,8.423],[11.549,8.423],[11.99,8.863]]},"ix":2}},{"ty":"sh","bm":0,"hd":false,"mn":"ADBE Vector Shape - Group","nm":"Path 29","ix":29,"d":1,"ks":{"a":0,"k":{"c":true,"i":[[0.244,0],[0,0],[0,0.244],[-0.243,0],[0,0],[0,-0.243]],"o":[[0,0],[-0.243,0],[0,-0.243],[0,0],[0.244,0],[0,0.244]],"v":[[15.97,9.304],[14.202,9.304],[13.761,8.863],[14.202,8.423],[15.97,8.423],[16.411,8.863]]},"ix":2}},{"ty":"sh","bm":0,"hd":false,"mn":"ADBE Vector Shape - Group","nm":"Path 30","ix":30,"d":1,"ks":{"a":0,"k":{"c":true,"i":[[0.243,0],[0,0],[0,0.244],[-0.243,0],[0,0],[0,-0.243]],"o":[[0,0],[-0.243,0],[0,-0.243],[0,0],[0.243,0],[0,0.244]],"v":[[20.392,9.304],[18.623,9.304],[18.182,8.863],[18.623,8.423],[20.392,8.423],[20.832,8.863]]},"ix":2}},{"ty":"sh","bm":0,"hd":false,"mn":"ADBE Vector Shape - Group","nm":"Path 31","ix":31,"d":1,"ks":{"a":0,"k":{"c":true,"i":[[0.244,0],[0,0],[0,0.244],[-0.243,0],[0,0],[0,-0.243]],"o":[[0,0],[-0.243,0],[0,-0.243],[0,0],[0.243,0],[0,0.244]],"v":[[24.817,9.304],[23.044,9.304],[22.603,8.863],[23.044,8.423],[24.813,8.423],[25.256,8.863]]},"ix":2}},{"ty":"mm","bm":0,"hd":false,"mn":"ADBE Vector Filter - Merge","nm":"Merge Paths 1","mm":1},{"ty":"fl","bm":0,"hd":false,"mn":"ADBE Vector Graphic - Fill","nm":"Fill 1","c":{"a":0,"k":[1,1,1],"ix":4},"r":1,"o":{"a":0,"k":100,"ix":5}},{"ty":"tr","a":{"a":0,"k":[0,0],"ix":1},"s":{"a":0,"k":[100,100],"ix":3},"sk":{"a":0,"k":0,"ix":4},"p":{"a":0,"k":[26.535,9.554],"ix":2},"r":{"a":0,"k":0,"ix":6},"sa":{"a":0,"k":0,"ix":5},"o":{"a":0,"k":100,"ix":7}}]}],"ind":1},{"ty":4,"nm":"holder Outlines","sr":1,"st":0,"op":240,"ip":0,"hd":false,"ddd":0,"bm":0,"hasMask":false,"ao":0,"ks":{"a":{"a":0,"k":[28.441,14.899,0],"ix":1},"s":{"a":0,"k":[100,100,100],"ix":6},"sk":{"a":0,"k":0},"p":{"a":0,"k":[152.312,52.384,0],"ix":2},"r":{"a":0,"k":0,"ix":10},"sa":{"a":0,"k":0},"o":{"a":0,"k":100,"ix":11}},"ef":[],"shapes":[{"ty":"gr","bm":0,"hd":false,"mn":"ADBE Vector Group","nm":"Group 1","ix":1,"cix":2,"np":2,"it":[{"ty":"sh","bm":0,"hd":false,"mn":"ADBE Vector Shape - Group","nm":"Path 1","ix":1,"d":1,"ks":{"a":0,"k":{"c":true,"i":[[1.558,0],[0,0],[0,1.548],[2.123,0],[0,0],[0,-2.123],[1.548,0],[0,0],[0,-1.562],[0,0],[-0.879,-0.475],[-0.491,0],[0,0],[0,1.561],[0,0]],"o":[[0,0],[-1.548,0],[0,-2.123],[0,0],[-2.123,0],[0,1.548],[0,0],[-1.562,0],[0,0],[0,1.07],[0.399,0.222],[0,0],[1.558,0],[0,0],[0,-1.562]],"v":[[25.367,-7.985],[12.144,-7.985],[9.341,-10.788],[5.48,-14.649],[-5.48,-14.649],[-9.341,-10.788],[-12.144,-7.985],[-25.366,-7.985],[-28.191,-5.16],[-28.191,11.822],[-26.715,14.303],[-25.366,14.649],[25.367,14.649],[28.191,11.822],[28.191,-5.16]]},"ix":2}},{"ty":"fl","bm":0,"hd":false,"mn":"ADBE Vector Graphic - Fill","nm":"Fill 1","c":{"a":0,"k":[0.0275,0,0],"ix":4},"r":1,"o":{"a":0,"k":100,"ix":5}},{"ty":"tr","a":{"a":0,"k":[0,0],"ix":1},"s":{"a":0,"k":[100,100],"ix":3},"sk":{"a":0,"k":0,"ix":4},"p":{"a":0,"k":[28.441,14.899],"ix":2},"r":{"a":0,"k":0,"ix":6},"sa":{"a":0,"k":0,"ix":5},"o":{"a":0,"k":100,"ix":7}}]}],"ind":2},{"ty":0,"nm":"List 1","sr":1,"st":0,"op":240,"ip":0,"hd":false,"ddd":0,"bm":0,"hasMask":false,"ao":0,"ks":{"a":{"a":0,"k":[52.5,15.5,0],"ix":1},"s":{"a":0,"k":[100,100,100],"ix":6},"sk":{"a":0,"k":0},"p":{"a":1,"k":[{"o":{"x":1,"y":0},"i":{"x":0.5,"y":1},"s":[147.75,174,0],"t":30,"ti":[0,-6.833,0],"to":[0,6.833,0]},{"s":[147.75,215,0],"t":40}],"ix":2},"r":{"a":0,"k":0,"ix":10},"sa":{"a":0,"k":0},"o":{"a":1,"k":[{"o":{"x":0.167,"y":0.167},"i":{"x":0.833,"y":0.833},"s":[0],"t":30},{"o":{"x":0.167,"y":0.167},"i":{"x":0.833,"y":0.833},"s":[100],"t":32},{"o":{"x":0.167,"y":0},"i":{"x":0.667,"y":1},"s":[100],"t":40},{"o":{"x":0.333,"y":0},"i":{"x":0.667,"y":1},"s":[100],"t":42},{"s":[0],"t":49}],"ix":11}},"ef":[],"w":105,"h":31,"refId":"comp_3","ind":3},{"ty":0,"nm":"List 1","sr":1,"st":0,"op":240,"ip":0,"hd":false,"ddd":0,"bm":0,"hasMask":false,"ao":0,"ks":{"a":{"a":0,"k":[52.5,15.5,0],"ix":1},"s":{"a":0,"k":[100,100,100],"ix":6},"sk":{"a":0,"k":0},"p":{"a":1,"k":[{"o":{"x":1,"y":0},"i":{"x":0.5,"y":1},"s":[147.75,132.5,0],"t":20,"ti":[0,-6.917,0],"to":[0,6.917,0]},{"s":[147.75,174,0],"t":30}],"ix":2},"r":{"a":0,"k":0,"ix":10},"sa":{"a":0,"k":0},"o":{"a":1,"k":[{"o":{"x":0.167,"y":0.167},"i":{"x":0.833,"y":0.833},"s":[0],"t":20},{"o":{"x":0.167,"y":0.167},"i":{"x":0.833,"y":0.833},"s":[100],"t":22},{"o":{"x":0.167,"y":0},"i":{"x":0.667,"y":1},"s":[100],"t":30},{"o":{"x":0.333,"y":0},"i":{"x":0.667,"y":1},"s":[100],"t":42},{"s":[0],"t":49}],"ix":11}},"ef":[],"w":105,"h":31,"refId":"comp_3","ind":4},{"ty":0,"nm":"List 1","sr":1,"st":0,"op":240,"ip":0,"hd":false,"ddd":0,"bm":0,"hasMask":false,"ao":0,"ks":{"a":{"a":0,"k":[52.5,15.5,0],"ix":1},"s":{"a":0,"k":[100,100,100],"ix":6},"sk":{"a":0,"k":0},"p":{"a":1,"k":[{"o":{"x":1,"y":0},"i":{"x":0.5,"y":1},"s":[147.75,91,0],"t":10,"ti":[0,-6.917,0],"to":[0,6.917,0]},{"s":[147.75,132.5,0],"t":20}],"ix":2},"r":{"a":0,"k":0,"ix":10},"sa":{"a":0,"k":0},"o":{"a":1,"k":[{"o":{"x":0.167,"y":0.167},"i":{"x":0.833,"y":0.833},"s":[0],"t":10},{"o":{"x":0.167,"y":0.167},"i":{"x":0.833,"y":0.833},"s":[100],"t":12},{"o":{"x":0.167,"y":0},"i":{"x":0.667,"y":1},"s":[100],"t":20},{"o":{"x":0.333,"y":0},"i":{"x":0.667,"y":1},"s":[100],"t":42},{"s":[0],"t":49}],"ix":11}},"ef":[],"w":105,"h":31,"refId":"comp_3","ind":5},{"ty":0,"nm":"List 1","sr":1,"st":0,"op":240,"ip":0,"hd":false,"ddd":0,"bm":0,"hasMask":false,"ao":0,"ks":{"a":{"a":0,"k":[52.5,15.5,0],"ix":1},"s":{"a":0,"k":[100,100,100],"ix":6},"sk":{"a":0,"k":0},"p":{"a":1,"k":[{"o":{"x":0.976,"y":0},"i":{"x":0.596,"y":1},"s":[147.75,65.5,0],"t":0,"ti":[0,-4.25,0],"to":[0,4.25,0]},{"s":[147.75,91,0],"t":10}],"ix":2},"r":{"a":0,"k":0,"ix":10},"sa":{"a":0,"k":0},"o":{"a":1,"k":[{"o":{"x":0.167,"y":0.167},"i":{"x":0.833,"y":0.833},"s":[0],"t":2},{"o":{"x":0.167,"y":0},"i":{"x":0.667,"y":1},"s":[100],"t":5},{"o":{"x":0.333,"y":0},"i":{"x":0.667,"y":1},"s":[100],"t":42},{"s":[0],"t":49}],"ix":11}},"ef":[],"w":105,"h":31,"refId":"comp_3","ind":6},{"ty":4,"nm":"List Sheet Outlines","sr":1,"st":0,"op":240,"ip":0,"hd":false,"ddd":0,"bm":0,"hasMask":false,"ao":0,"ks":{"a":{"a":0,"k":[66.505,92.827,0],"ix":1},"s":{"a":0,"k":[100,100,100],"ix":6},"sk":{"a":0,"k":0},"p":{"a":0,"k":[152.312,153.863,0],"ix":2},"r":{"a":0,"k":0,"ix":10},"sa":{"a":0,"k":0},"o":{"a":0,"k":100,"ix":11}},"ef":[],"shapes":[{"ty":"gr","bm":0,"hd":false,"mn":"ADBE Vector Group","nm":"Group 1","ix":1,"cix":2,"np":2,"it":[{"ty":"sh","bm":0,"hd":false,"mn":"ADBE Vector Shape - Group","nm":"Path 1","ix":1,"d":1,"ks":{"a":0,"k":{"c":true,"i":[[0,0],[0,0],[0,0]],"o":[[0,0],[0,0],[0,0]],"v":[[5.044,5.044],[-5.044,-5.044],[5.044,-5.044]]},"ix":2}},{"ty":"fl","bm":0,"hd":false,"mn":"ADBE Vector Graphic - Fill","nm":"Fill 1","c":{"a":0,"k":[0.0275,0,0],"ix":4},"r":1,"o":{"a":0,"k":100,"ix":5}},{"ty":"tr","a":{"a":0,"k":[0,0],"ix":1},"s":{"a":0,"k":[100,100],"ix":3},"sk":{"a":0,"k":0,"ix":4},"p":{"a":0,"k":[5.294,180.361],"ix":2},"r":{"a":0,"k":0,"ix":6},"sa":{"a":0,"k":0,"ix":5},"o":{"a":0,"k":100,"ix":7}}]},{"ty":"gr","bm":0,"hd":false,"mn":"ADBE Vector Group","nm":"Group 2","ix":2,"cix":2,"np":2,"it":[{"ty":"sh","bm":0,"hd":false,"mn":"ADBE Vector Shape - Group","nm":"Path 1","ix":1,"d":1,"ks":{"a":0,"k":{"c":true,"i":[[0,0],[0,0],[0,0],[0,0],[0,0]],"o":[[0,0],[0,0],[0,0],[0,0],[0,0]],"v":[[-66.255,-92.577],[-66.255,82.49],[-56.167,92.577],[66.255,92.577],[66.255,-92.577]]},"ix":2}},{"ty":"fl","bm":0,"hd":false,"mn":"ADBE Vector Graphic - Fill","nm":"Fill 1","c":{"a":0,"k":[1,1,1],"ix":4},"r":1,"o":{"a":0,"k":100,"ix":5}},{"ty":"tr","a":{"a":0,"k":[0,0],"ix":1},"s":{"a":0,"k":[100,100],"ix":3},"sk":{"a":0,"k":0,"ix":4},"p":{"a":0,"k":[66.505,92.827],"ix":2},"r":{"a":0,"k":0,"ix":6},"sa":{"a":0,"k":0,"ix":5},"o":{"a":0,"k":100,"ix":7}}]}],"ind":7},{"ty":4,"nm":"List BG Outlines","sr":1,"st":0,"op":240,"ip":0,"hd":false,"ddd":0,"bm":0,"hasMask":false,"ao":0,"ks":{"a":{"a":0,"k":[83.13,106.097,0],"ix":1},"s":{"a":0,"k":[100,100,100],"ix":6},"sk":{"a":0,"k":0},"p":{"a":0,"k":[152.313,155.345,0],"ix":2},"r":{"a":0,"k":0,"ix":10},"sa":{"a":0,"k":0},"o":{"a":0,"k":100,"ix":11}},"ef":[],"shapes":[{"ty":"gr","bm":0,"hd":false,"mn":"ADBE Vector Group","nm":"Group 1","ix":1,"cix":2,"np":2,"it":[{"ty":"sh","bm":0,"hd":false,"mn":"ADBE Vector Shape - Group","nm":"Path 1","ix":1,"d":1,"ks":{"a":0,"k":{"c":true,"i":[[0,0],[0,0],[8.21,0],[0,0]],"o":[[0,0],[0,8.213],[0,0],[131.791,-6.059]],"v":[[66.814,-88.06],[66.814,73.189],[51.945,88.06],[-66.814,88.06]]},"ix":2}},{"ty":"fl","bm":0,"hd":false,"mn":"ADBE Vector Graphic - Fill","nm":"Fill 1","c":{"a":0,"k":[1,0,0],"ix":4},"r":1,"o":{"a":0,"k":100,"ix":5}},{"ty":"tr","a":{"a":0,"k":[0,0],"ix":1},"s":{"a":0,"k":[100,100],"ix":3},"sk":{"a":0,"k":0,"ix":4},"p":{"a":0,"k":[99.197,123.885],"ix":2},"r":{"a":0,"k":0,"ix":6},"sa":{"a":0,"k":0,"ix":5},"o":{"a":0,"k":100,"ix":7}}]},{"ty":"gr","bm":0,"hd":false,"mn":"ADBE Vector Group","nm":"Group 2","ix":2,"cix":2,"np":2,"it":[{"ty":"sh","bm":0,"hd":false,"mn":"ADBE Vector Shape - Group","nm":"Path 1","ix":1,"d":1,"ks":{"a":0,"k":{"c":true,"i":[[0,-8.214],[0,0],[8.211,0],[0,0],[0.089,0.001],[2.19,5.334],[0,2],[0,0],[-8.21,0],[0,0]],"o":[[0,0],[0,8.213],[0,0],[-0.09,0],[-6.095,-0.108],[-0.716,-1.741],[0,0],[0,-8.214],[0,0],[8.211,0]],"v":[[82.88,-90.976],[82.88,90.976],[68.012,105.846],[-68.013,105.846],[-68.282,105.844],[-81.769,96.624],[-82.88,90.976],[-82.88,-90.976],[-68.013,-105.846],[68.012,-105.846]]},"ix":2}},{"ty":"fl","bm":0,"hd":false,"mn":"ADBE Vector Graphic - Fill","nm":"Fill 1","c":{"a":0,"k":[1,0,0],"ix":4},"r":1,"o":{"a":0,"k":100,"ix":5}},{"ty":"tr","a":{"a":0,"k":[0,0],"ix":1},"s":{"a":0,"k":[100,100],"ix":3},"sk":{"a":0,"k":0,"ix":4},"p":{"a":0,"k":[83.13,106.097],"ix":2},"r":{"a":0,"k":0,"ix":6},"sa":{"a":0,"k":0,"ix":5},"o":{"a":0,"k":100,"ix":7}}]}],"ind":8}]},{"nm":"","id":"comp_3","layers":[{"ty":4,"nm":"List element 01 Outlines","sr":1,"st":0,"op":240,"ip":0,"hd":false,"ddd":0,"bm":0,"hasMask":false,"ao":0,"ks":{"a":{"a":0,"k":[26.479,2.684,0],"ix":1},"s":{"a":0,"k":[100,100,100],"ix":6},"sk":{"a":0,"k":0},"p":{"a":0,"k":[67.019,10.265,0],"ix":2},"r":{"a":0,"k":0,"ix":10},"sa":{"a":0,"k":0},"o":{"a":0,"k":100,"ix":11}},"ef":[],"shapes":[{"ty":"gr","bm":0,"hd":false,"mn":"ADBE Vector Group","nm":"Group 1","ix":1,"cix":2,"np":2,"it":[{"ty":"sh","bm":0,"hd":false,"mn":"ADBE Vector Shape - Group","nm":"Path 1","ix":1,"d":1,"ks":{"a":0,"k":{"c":true,"i":[[1.344,0],[0,0],[0,1.344],[-1.344,0],[0,0],[0,-1.344]],"o":[[0,0],[-1.344,0],[0,-1.344],[0,0],[1.344,0],[0,1.344]],"v":[[23.795,2.434],[-23.795,2.434],[-26.229,-0.001],[-23.795,-2.434],[23.795,-2.434],[26.229,-0.001]]},"ix":2}},{"ty":"fl","bm":0,"hd":false,"mn":"ADBE Vector Graphic - Fill","nm":"Fill 1","c":{"a":0,"k":[0.0275,0,0],"ix":4},"r":1,"o":{"a":0,"k":100,"ix":5}},{"ty":"tr","a":{"a":0,"k":[0,0],"ix":1},"s":{"a":0,"k":[100,100],"ix":3},"sk":{"a":0,"k":0,"ix":4},"p":{"a":0,"k":[26.479,2.684],"ix":2},"r":{"a":0,"k":0,"ix":6},"sa":{"a":0,"k":0,"ix":5},"o":{"a":0,"k":100,"ix":7}}]}],"ind":1},{"ty":4,"nm":"List element 02 Outlines","sr":1,"st":0,"op":240,"ip":0,"hd":false,"ddd":0,"bm":0,"hasMask":false,"ao":0,"ks":{"a":{"a":0,"k":[30.865,2.684,0],"ix":1},"s":{"a":0,"k":[100,100,100],"ix":6},"sk":{"a":0,"k":0},"p":{"a":0,"k":[71.405,22.505,0],"ix":2},"r":{"a":0,"k":0,"ix":10},"sa":{"a":0,"k":0},"o":{"a":0,"k":100,"ix":11}},"ef":[],"shapes":[{"ty":"gr","bm":0,"hd":false,"mn":"ADBE Vector Group","nm":"Group 1","ix":1,"cix":2,"np":2,"it":[{"ty":"sh","bm":0,"hd":false,"mn":"ADBE Vector Shape - Group","nm":"Path 1","ix":1,"d":1,"ks":{"a":0,"k":{"c":true,"i":[[1.344,0],[0,0],[0,1.344],[-1.344,0],[0,0],[0,-1.344]],"o":[[0,0],[-1.344,0],[0,-1.344],[0,0],[1.344,0],[0,1.344]],"v":[[28.181,2.434],[-28.181,2.434],[-30.615,-0.001],[-28.181,-2.434],[28.181,-2.434],[30.615,-0.001]]},"ix":2}},{"ty":"fl","bm":0,"hd":false,"mn":"ADBE Vector Graphic - Fill","nm":"Fill 1","c":{"a":0,"k":[0.0275,0,0],"ix":4},"r":1,"o":{"a":0,"k":100,"ix":5}},{"ty":"tr","a":{"a":0,"k":[0,0],"ix":1},"s":{"a":0,"k":[100,100],"ix":3},"sk":{"a":0,"k":0,"ix":4},"p":{"a":0,"k":[30.865,2.684],"ix":2},"r":{"a":0,"k":0,"ix":6},"sa":{"a":0,"k":0,"ix":5},"o":{"a":0,"k":100,"ix":7}}]}],"ind":2},{"ty":4,"nm":"List element 03 Outlines","sr":1,"st":0,"op":240,"ip":0,"hd":false,"ddd":0,"bm":0,"hasMask":false,"ao":0,"ks":{"a":{"a":0,"k":[8.154,7.587,0],"ix":1},"s":{"a":0,"k":[100,100,100],"ix":6},"sk":{"a":0,"k":0},"p":{"a":0,"k":[18.119,16.385,0],"ix":2},"r":{"a":0,"k":0,"ix":10},"sa":{"a":0,"k":0},"o":{"a":0,"k":100,"ix":11}},"ef":[],"shapes":[{"ty":"gr","bm":0,"hd":false,"mn":"ADBE Vector Group","nm":"Group 1","ix":1,"cix":2,"np":2,"it":[{"ty":"sh","bm":0,"hd":false,"mn":"ADBE Vector Shape - Group","nm":"Path 1","ix":1,"d":1,"ks":{"a":0,"k":{"c":true,"i":[[0,0],[0,0],[0,0],[0,0],[0,0],[0,0]],"o":[[0,0],[0,0],[0,0],[0,0],[0,0],[0,0]],"v":[[-2.078,7.337],[-7.904,1.026],[-5.212,-1.459],[-2.264,1.733],[5.053,-7.337],[7.904,-5.036]]},"ix":2}},{"ty":"fl","bm":0,"hd":false,"mn":"ADBE Vector Graphic - Fill","nm":"Fill 1","c":{"a":0,"k":[1,1,1],"ix":4},"r":1,"o":{"a":0,"k":100,"ix":5}},{"ty":"tr","a":{"a":0,"k":[0,0],"ix":1},"s":{"a":0,"k":[100,100],"ix":3},"sk":{"a":0,"k":0,"ix":4},"p":{"a":0,"k":[8.154,7.587],"ix":2},"r":{"a":0,"k":0,"ix":6},"sa":{"a":0,"k":0,"ix":5},"o":{"a":0,"k":100,"ix":7}}]}],"ind":3},{"ty":4,"nm":"List element 04 Outlines","sr":1,"st":0,"op":240,"ip":0,"hd":false,"ddd":0,"bm":0,"hasMask":false,"ao":0,"ks":{"a":{"a":0,"k":[14.245,14.245,0],"ix":1},"s":{"a":0,"k":[100,100,100],"ix":6},"sk":{"a":0,"k":0},"p":{"a":0,"k":[18.119,16.385,0],"ix":2},"r":{"a":0,"k":0,"ix":10},"sa":{"a":0,"k":0},"o":{"a":0,"k":100,"ix":11}},"ef":[],"shapes":[{"ty":"gr","bm":0,"hd":false,"mn":"ADBE Vector Group","nm":"Group 1","ix":1,"cix":2,"np":2,"it":[{"ty":"sh","bm":0,"hd":false,"mn":"ADBE Vector Shape - Group","nm":"Path 1","ix":1,"d":1,"ks":{"a":0,"k":{"c":true,"i":[[0,-7.729],[7.729,0],[0,7.729],[-7.729,0]],"o":[[0,7.729],[-7.729,0],[0,-7.729],[7.729,0]],"v":[[13.995,0],[0,13.995],[-13.995,0],[0,-13.995]]},"ix":2}},{"ty":"fl","bm":0,"hd":false,"mn":"ADBE Vector Graphic - Fill","nm":"Fill 1","c":{"a":0,"k":[0.0275,0,0],"ix":4},"r":1,"o":{"a":0,"k":100,"ix":5}},{"ty":"tr","a":{"a":0,"k":[0,0],"ix":1},"s":{"a":0,"k":[100,100],"ix":3},"sk":{"a":0,"k":0,"ix":4},"p":{"a":0,"k":[14.245,14.245],"ix":2},"r":{"a":0,"k":0,"ix":6},"sa":{"a":0,"k":0,"ix":5},"o":{"a":0,"k":100,"ix":7}}]}],"ind":4}]}]}